-- MySQL dump 10.13  Distrib 5.6.28, for debian-linux-gnu (x86_64)
--
-- Host: localhost    Database: hexhack
-- ------------------------------------------------------
-- Server version	5.6.28-0ubuntu0.15.04.1

/*!40101 SET @OLD_CHARACTER_SET_CLIENT=@@CHARACTER_SET_CLIENT */;
/*!40101 SET @OLD_CHARACTER_SET_RESULTS=@@CHARACTER_SET_RESULTS */;
/*!40101 SET @OLD_COLLATION_CONNECTION=@@COLLATION_CONNECTION */;
/*!40101 SET NAMES utf8 */;
/*!40103 SET @OLD_TIME_ZONE=@@TIME_ZONE */;
/*!40103 SET TIME_ZONE='+00:00' */;
/*!40014 SET @OLD_UNIQUE_CHECKS=@@UNIQUE_CHECKS, UNIQUE_CHECKS=0 */;
/*!40014 SET @OLD_FOREIGN_KEY_CHECKS=@@FOREIGN_KEY_CHECKS, FOREIGN_KEY_CHECKS=0 */;
/*!40101 SET @OLD_SQL_MODE=@@SQL_MODE, SQL_MODE='NO_AUTO_VALUE_ON_ZERO' */;
/*!40111 SET @OLD_SQL_NOTES=@@SQL_NOTES, SQL_NOTES=0 */;

--
-- Table structure for table `Images`
--

DROP TABLE IF EXISTS `Images`;
/*!40101 SET @saved_cs_client     = @@character_set_client */;
/*!40101 SET character_set_client = utf8 */;
CREATE TABLE `Images` (
  `id` int(11) NOT NULL AUTO_INCREMENT,
  `path` varchar(45) NOT NULL,
  PRIMARY KEY (`id`),
  UNIQUE KEY `path_UNIQUE` (`path`)
) ENGINE=InnoDB AUTO_INCREMENT=1253 DEFAULT CHARSET=utf8;
/*!40101 SET character_set_client = @saved_cs_client */;

--
-- Dumping data for table `Images`
--

LOCK TABLES `Images` WRITE;
/*!40000 ALTER TABLE `Images` DISABLE KEYS */;
INSERT INTO `Images` VALUES (3,''),(97,'++r2h2SuIf3yPSQ7KyzbuYuHy9k='),(994,'+1eWUqGB96l6WM0v/7wxqO1zexA='),(465,'+205vbLHTjVxErGj4D9dxlA5uYw='),(1077,'+4HfkYzTHsKuQUft0U4w+E/hths='),(627,'+4RH52oy1mmYtb1spywfIIc3QoQ='),(630,'+82TUuhUmeFO3bndF/Fv5Kt71G8='),(1192,'+j//L3kEZIF5lHpHCFtBsGPPIf0='),(1027,'+k2gP5t2S7spVmtjaSW0eVIXGus='),(858,'+MikOBiysZsAzV/c1wBBvhPnJnc='),(1095,'+oTmQ33cwIE1lFoTljyulLrSl4g='),(995,'+ou52zwQoydGll7cqLiUcF6+KAw='),(1242,'+TFWD+Kqo0WzXWa4hLVbcPtB90E='),(10,'+tZyUX3JKfIVLtnhjXcmxMfk9VQ='),(1072,'+YcDHuNKeHjyI+xNyRG0wOvgj20='),(484,'+YGKkqbt56Jkk8aYQy+MYCq7maY='),(956,'+YqvjmNVfVZgPHsENJnGixnQK+4='),(481,'/2gAqe2pYZsx3ycUraSgx9Z9Pic='),(1246,'/A1NAvaAuMfMjHRrqoH2RufufLY='),(1138,'/C2wGkWFadxX4Z5MtwnfKZpw68A='),(1116,'/emfKaC/sfpE27R9Nx9ltgFMw8s='),(49,'/Es/2Ly+P/WOR6AXnWtlRkcOeHU='),(1248,'/GKGUhXOeLR8UkqOlBrZhxbVuMc='),(791,'/gy+cOB8H4tP5aZsdykJ36O1Bac='),(1,'/home/jake/.tmp/file-1457883395067-U48eJ32.jp'),(2,'/home/jake/.tmp/file-1457883473960-dvla.png'),(777,'/ihvdXqD6ZsvkuCpLAEJ6alsdrE='),(975,'/JMJuMEnEdvXgBfcfQJXhW8UFiE='),(313,'/kq7fuPDz5+aKNl/IUd6eIzN2R0='),(422,'/leVCI/FWTJzR8G+4flcyXogpnY='),(1008,'/LFZjBD2N5BhmCCpmU1VtSMlvCw='),(783,'/o68K/YGrNJl1rFkQu314rA/Wb4='),(857,'/pi1x1e4eeGcj1iRxkAREEbipNM='),(1150,'/rAQMZrNwd2gQZ8uDN7IqCSiXzU='),(819,'/rz5CyLdKWgFVCvoyolzQOWVCfg='),(810,'/U1DlwpC9b6mjdMVhE7DlsFXNL0='),(761,'/UYlap1p4zstjR8c1kxjsTM84UM='),(389,'/WUivxuyOcOWvQ2f7uJi457GC2c='),(987,'05fDlLhntootwrajZ7YlSpKYCfQ='),(1017,'05sAldAcsuBQUtmsCZemwCN2B4E='),(272,'05Tqz1H5sy4MPqoeQQtQ2tr2hrg='),(779,'0asSidjYSAzpDyzw29o5V9iH8yA='),(1165,'0EaWTW/hDCHk+niv1q6wXv7EKG4='),(1240,'0FsWds6Fb4BOaOtCmhPAHRULFSM='),(531,'0GMG0mOZpJXKP8XMz3Vn/n5GcnY='),(192,'0Go8Hj056IiQn3ewrCTOhYHPHYs='),(628,'0LWdj4DeHJeO1nfSPn7MzHZzHAA='),(928,'0mybiWl5vPHodP3EBQd+Q4iIoPo='),(1067,'0Q5lpKjQZSUOj7TJSavvlkxk7e0='),(9,'0raIGfLNgZoReo4ZPr0DMcWN4nM='),(512,'0VMReA1Ex6sBPGmfUE0KiLY+WUU='),(1091,'0wIBwNj0MfNcKHWdqNzsUbHffQc='),(379,'0yjOl5eofoKiPHPsIoRcVv4+Aic='),(270,'0zCDnejgiFWhKMR+dQj38PdsoTA='),(207,'0ZzUwTV3BWsopUdWCj31IroRKas='),(50,'14Ux72rglHqr8LkhG4TuwLKk12I='),(358,'1ae9byms+kKlCw8GW9AdDfSji38='),(1016,'1aVAfL85NpcjfeplDrVwzQzAH6c='),(70,'1C9hTaXVt1R8ZT0OHBRueou6sEw='),(149,'1E1i0p0WwiOTGsLvQ25nblfN/X0='),(985,'1eBR4GpNQ3YwQIdGKYnmkXk7KjU='),(280,'1ELavFrus/gM7NY1EFMjt6piCyc='),(898,'1g3xDSzTjBeZtN6a7NZ3LlEyPqs='),(978,'1GYl0/eDp1S8MkbYmhsW7V3Z16g='),(228,'1HY2apaBXI0ORqg1tb2Uca6OFAU='),(392,'1IPXjfTrIHzVXjQJn7dxmpuoMDw='),(208,'1Krou3Gf0Yv8LJUjAUgCdjwSZ14='),(107,'1Q1aYv1PMdnPWYterSVv7fZXE4g='),(764,'1rtbW0d5kKWdaWmcRx5SELwh2ro='),(257,'1sh3cooSzjc5q9+EK24sASV/744='),(971,'1SK2VdWdTYJxhXXIXSrJLM4d+34='),(227,'1SVBL+k2BWrzJwjSLb0blaIGdEo='),(622,'1xvof6bvLnzFmDgjWjZ1DjbNKQk='),(533,'1z4KFOGnhOa9fKgAcnzWw+7s7qo='),(1220,'1Zu56ZBSM6HVI29SVsnmXgUgOuk='),(428,'2+y0b4D/Sga0fxAmMSISeREZNlI='),(218,'2/GfesNkTEXS0Re85Ak5HvSdirY='),(249,'2/PRyYCl2mXAN5SanJ+S9OpGe18='),(271,'2/vh5s8EpGQKlXnnnMXGS7Fs1K0='),(625,'2AdAdfDFLbJ42iMFf4G2B7rT+dM='),(384,'2aha2fcI3qYEw1CMon1pgrcRoLs='),(189,'2an+EQ7g44KkNp1neQNmkXdjfhw='),(87,'2aVVnB9gLvG6T7K1yYyebh8K5nQ='),(640,'2b+/2iLO17Nx6D0dagGKFlITFak='),(1210,'2b4eiTnCTzxESQWSqrjX+vbFv8s='),(1019,'2eycHp2YfmE4yVUEmI5KiwGN25c='),(455,'2fm7R17dJ2fxW7CeCdvVQEVZ308='),(958,'2gdUMkqK753KrDNsS9HHVDwo8qQ='),(789,'2H7HTQpi6tPyCnX1g+shixzdLFU='),(660,'2jXAmnwryeGxF8entrlpgyE/m9k='),(322,'2luq7iTGiPB9xTa1gwIT+Lai8j4='),(516,'2mdJMeSVKBlK1cMM/SKZzmBXzWU='),(632,'2otUJILMt87inXWQwUYcDlq5f1A='),(60,'2qYLxi0RFQnbS1z3oJ1Va60j86s='),(1174,'2Tf20tLH8ZPO4hF+FCiOogROfAk='),(326,'2uFNumm94q3t3XociPW0HNL3w70='),(652,'2W/xOb9YynkOgm0HxHEb/qETmSw='),(380,'2X5yo8sqQ3ZltuspnlkUH4EW69c='),(429,'2xchjO+DLs2u1ZYoBZ4FonkeEU8='),(480,'3/olGRkOSyuQiGAS4jf+Xpesino='),(145,'36vrRemIXZaEwcTfE6k76OlJBHg='),(710,'37U+nZlIuo0cYBM0vdVjK4ueGpY='),(1204,'389YhNyUv9rbut1yqhPNePGV0pg='),(818,'39KTtGLp0SKukCxhLJv4+4DTy4k='),(959,'3AR9IqcegbER+j8A70o4I3pjVwQ='),(1015,'3cDyjz3XlMr9fRQIpYV600OpYj4='),(829,'3cnWvq/vynALnP8wCoiErSyAVsI='),(175,'3DB3tTMkiQT9LIhfxClkiPxgVWE='),(784,'3I0aRn+6IyoByGFoT8L2A1vjrTU='),(641,'3ijQkdo/bTHMTSxhGP9PpOGMN4E='),(1161,'3IUcC14eQiqrCb9tm7RLlc/Wusw='),(119,'3LUbXEKPJg/kdxi7yaGESqqms78='),(547,'3Msh/1ZJMjNL5HLO29MljvbFero='),(225,'3N2jo/Bb5fexF3ea45bwe8LIcgc='),(813,'3n82K2VeuJEius6Og5a38PvbP/4='),(667,'3S3zIQkoP+6GQsmIHmi6B7P4hLg='),(855,'3SHUsIBy3LkafKw1q85dzzC0rTU='),(680,'3WF1XlI2eTRdBe2M/OypCdDj/dk='),(135,'3YOA2JwWYa8ijXJU/ZEcR9K06I8='),(705,'3YSNCLPSco7QrPtZgPcfzB/wIP0='),(186,'4/z+tQyGm0MQl3WRpctCzNvDb8Q='),(418,'42Z+2ZAIMVBu8Wg0s1RuwNAyshY='),(486,'42ZLrjpLy1MQ8yxUzTzUv1yaHsw='),(391,'43YNdF6aBBs9N5KIGiQHM4MHcF4='),(214,'47A4T30CWnDslJHmvkRbQuJje88='),(964,'47m/F/ZAWW5d1TCVDuhSoWyOCrg='),(210,'48HXJ+dkhfC0l6YJp2GSv++QgKM='),(494,'4bhZhIQxMxy4eQ3KZZysHdnBZ/g='),(84,'4crzCsALI+TxV5oVPYv+cSIx274='),(292,'4dOrMqJlq3qUHUCann0KW2uyZNA='),(914,'4e3Vhrk4pssCCGrhnDyqUJ1P/GM='),(118,'4FAI2qjTtMxoPAU6ku3KpLq025M='),(890,'4fq0sT/MavBa7Od0CN5v4vK4oT8='),(457,'4J1Kviy0myN+5zRr6L6R+KQK2Tg='),(483,'4MYrT1CT7rBiwWhn9P57IuZjQQo='),(623,'4Og7WLdcERw+1UtKxPDcU9qSMiA='),(862,'4oW8O2+1nICp3/iWQpTta4pDfZc='),(1046,'4pq04wF07iwPr0xnV+dI2ZcwKoQ='),(1062,'4qKy46T0+QCsAroe49dEygA/XLk='),(894,'4RF65l+o/LuUePCoeBJ7ErBvRMo='),(255,'4v/6pexGgaQRgAatyYG/vDNghCA='),(263,'4vdHcS+r35kMoAJB64dTLMmHIGQ='),(1104,'4wxagmsSllshaQhVzBWl23A3PwI='),(991,'4z1nRIVvbQLzeygo4MsDMUw1T4I='),(897,'53JMkxuMn+JuMPy+w1l7odD+m70='),(239,'58biV8Q8ybSpLpUs0zBGGrhs4UA='),(373,'59FyCkhTQa9vW5Q+4wmCNsyUQJY='),(903,'5axeDE20RHMxSNX71zh4yDIbNDI='),(711,'5ddXyIdrXlSn+Gqk1u+T9rAwTxs='),(535,'5frlxESSeumEiK14D6941ACIcRg='),(1223,'5FVkqkarnDpMNlubYE4rOWGu0Ws='),(126,'5I7pUo4zpHiZRwd+b4SJWXZmbKo='),(1080,'5LOi5NSPnbrqzo2AtB0cnrWj1ek='),(663,'5MuU6MLkKlTW7ZC/KTMdfM2aNkg='),(456,'5nWyilejuqJUC8oBjPNGurZzPZQ='),(136,'5ROBRythnxFl2MnUqQxKBju0hn4='),(754,'5U1OUHsDVHa45iOhjc6cmxX3dRg='),(806,'5vT7is5NFRWoFVolRAZUtrf2CrQ='),(910,'5vYaLvox6kR0BrcuJHOY3wYOi+M='),(452,'5XlTJpZlEyvqKQNc0NAr3Cc1118='),(907,'5XuXt6IGyualLrV2TCN10A1/ptE='),(1038,'6/T8YynktqW0vkSw5wFiTI8Cekc='),(300,'65nFwodqxT1BCkicyndCRtRdT80='),(615,'68txlp578c3XSZ1KmEUtSPWF/NM='),(666,'690ymB9YN/X7opt/8/Vm3/e+OBI='),(940,'6ARycNX6pqrTLAwBw2S3c9P1YYk='),(288,'6cURsm82FTtkhExUBGUs/vps0sI='),(730,'6E01MCMHoPky88lsQD4YihUMPpM='),(1112,'6jyubdd4VfaUPG3bpWmGcIvL7tw='),(156,'6lz2pkQAp1L/dk5LWa2Riuzpb6s='),(236,'6PPeBwDgSqdI29Y8pYzQGwu8WNg='),(569,'6PWtXmN4Msx0T2IFhVJet0H4mSo='),(40,'6RrMVsOWT93VT13T7CQ5OKjw60Q='),(830,'6sEIMxCRf1NvcpUriS/Kbwxw4Nk='),(631,'6sWHzMgpUXqhzSeUfRrPHYMI+d8='),(405,'6TF1e1JTJxbROrIL2pEDg9yR2uo='),(1182,'6u4pnOS6oCqAzF+nQrAXGOAwLpA='),(1226,'6VvlTTo5C75PuLk0r0ZkyjS7mDs='),(1105,'6wkY1+Ln6tsDxEMZPaHzHXMN8bM='),(88,'6Z8AJlP/lF98sDNRLzXcnuBPz6Q='),(367,'6ZzNotQjUB4WBTZjoTOquFoMLhQ='),(872,'73wCQRfLrZ18QMTMgXNzzq4gCu0='),(1166,'74kRVw4eexNpUyFff2e08aVuCC0='),(454,'74QPQuuMTcyE9a+eYRjGFclrlo0='),(889,'75DeY7Y6sp/Mr5e/PQ/GXI02ntM='),(949,'761pp9YQjmSi7ud+sDsDfF19gMU='),(467,'7AFNiIZ+FcmY7PmmFq9aAggN0pw='),(581,'7BE9qtnv2P0vABD/XR4T5Fm9WI0='),(690,'7bKA4twjQNm2LI/7DgAlaMk1RXE='),(362,'7bv3DudwpgKGmBBy/jfo1X56PsA='),(923,'7D9vz+7BDKhnmrNp++FukMYJgis='),(918,'7EP9CCPk/8gyaZVUwfjBLlQhzq4='),(1225,'7gkhV/ZL7h0EcdNZMiXfCquQqNc='),(722,'7h+DbsHgdEypv2zGJmnKTI8iJAk='),(1143,'7jaOzBIkZd3KLB/sMD9U+KQDM8o='),(1153,'7jas41+gFL2Yu8W50evBOC8uinY='),(38,'7jQJTNn/HdfKM77/YL/Gxfhi0DE='),(951,'7p3VupYG8Blqum6HSWlKH7lcMDA='),(744,'7peltnlMUhO3v01/ZdcpyAyNU/Q='),(1117,'7RRBqjnPkzUoynG221BrICd5BLs='),(377,'7wbi9Rajr11Kbip92vQtF8m+t3g='),(856,'7xXL4ocdaJIMKMOKwAgxWBe48xs='),(1110,'7YB0wR68fCZcPTHtbM+B55QVBbo='),(1064,'81P/b9dUKQ4abBzd8H9PyWH1MFI='),(56,'821+nlAbwLRd0/Uo8nXqmJM5+20='),(1074,'83MmjQQKxWcZZg+2D83LxN5Dd+4='),(427,'83ZSRknUf6C28Gba+oWHolL5n9w='),(1205,'8aWwF6HAVbEvxFJYynVk1ch8tPM='),(927,'8EGHHvajnDo3oA1LKYFCxuAOFe8='),(713,'8GBZQrjt5t3jYaBFtK4idYKbfHQ='),(1075,'8gvsQt//qbJGsXzgf1uRyUASfQw='),(410,'8Gy9htrJlHkDCL0MOgoDxGkB9gA='),(912,'8icu3LKysfI92D8gSNWmdKa3v58='),(1066,'8LMrmdlsBD5z7K3YprDe1aYEY/M='),(606,'8nTeH8c1d08jC2B+9n/ENwuRrbE='),(557,'8p22poj4FRy6+6C3D8glmkJN1WQ='),(475,'8r/V5NgGRdX+AFXMwsGo59pZCN8='),(93,'8s0/5GIsur4y1Fp8DqBDipF9Ebs='),(967,'8sJw5XMVzv1oVpxJb3y86QSSYDQ='),(123,'8SLnTIom8rUt/yZuNuInJzVAXOU='),(449,'8wD24UshNA7FCEsYO/WmFsE45v0='),(439,'8x2BaibKfuPLeiNKKd9RFazeKK8='),(1231,'8XcGB33vs4pyx1AcOQfGbNEAE2E='),(816,'8xHMRj1V9FnqDvk/v+f0KOMepS4='),(1003,'8zUtu7T7/elhn8LVV+R9bvQ0t0g='),(289,'92hhKDKHKIORYjkmxL0G0qUzVrk='),(883,'95nPQ0JiAfTwaePDouI64ITP4Kg='),(969,'95S+XJK6ZeVdp3gJa2x00UHaq7g='),(973,'99ncEfc9r4w5cE6fSxJl7MfjqZg='),(14,'9aMVrYwpCDh+OgZDCMcW1nJokrw='),(401,'9C57L16MHI8TusAO1PMHCM50h5E='),(548,'9dF+Udx6PaU2RKthw4Vdjg1hDqE='),(656,'9dV91JGmWAvS+uhhanEHX/cpGIw='),(568,'9DZsuQfB75FA4bmookX+CrO0jcU='),(538,'9EckrmscWn+35H05OPGKSPn81k4='),(142,'9ep0IQ7lpQBXUiQ2VXQl27Kztes='),(505,'9guhdZGFhA4X+iqX3DvPD6L3Qog='),(1160,'9HpFAd5X9HQ9v6iX0JJwno9dUWM='),(182,'9i7NgILwNjkuokbwFBn1zNeVJLI='),(1076,'9IBtjU9nQ1xSSlc8JfRi3oh7/Hw='),(1237,'9IDzttI8MjQmvKHensq88q7Hv14='),(1010,'9LZwsqvCZM8VteqoI9S3CZ/QBHE='),(333,'9Nii0jVwfCXS+MYWgvL+xIXRd20='),(200,'9OmW4jRCo5v2tMOEyKRnOSMEqlI='),(81,'9PfX9T57GKA7y/n4+s/koybMZk0='),(131,'9rSbJrA4cY7byI+Ga7OV2rX3nJQ='),(501,'9vAkMc4znC6d5GA8EWNLPTlyd6k='),(608,'9Vjh4o6vp9jbWQgMOfjWYtVXrSo='),(1249,'9WhGUe+aqPUyv1ACzR8Yp/siakE='),(376,'9zFhgdCHe1cxmRpx9NB8E//6a2k='),(308,'a0tehJYq7LNfd6WREOfhQtUoGdY='),(398,'A131U8GMK8aeCSHKcqyE+qFnvc4='),(310,'A1Cr2gIGQV1q4cNe/Hm2RFw+bDw='),(1101,'a1JbvMkIwa6pPgOCcuiU9URGeI0='),(18,'A2vEnvSBwN9GWI9MhAdzMswpE3c='),(1053,'A3OAZpWr9aBiN/pESkrFzsxVJoY='),(941,'a62AIFgo3Wl+TiHl4Hs+2h3VHWc='),(320,'A7+nVxIxHVR00XqsgvE7s9bpfB8='),(598,'A7w2Z1qg7gEIk72+9fyrEDbiBE4='),(1041,'aazFFPmT9IldMaQGkmVgVBPlhCE='),(1229,'abicJ5rZVHbF/PMglL//6wEoN3w='),(838,'aCFmPQmi59XgsqTnUEGET37iZF8='),(464,'aebKwtXw5Uo/wCHv45K/7uYSv+s='),(1228,'AFMNNJzE0D4AcVr5sfkk4/BYC+s='),(1187,'AG0UQa8EWPphOLXQ7FM3IoYnHDg='),(846,'aGd1S+4ZpcHjDhMCh+abNSzYWJI='),(387,'agnqthrwEBonosnVDH+eDYdj9qw='),(412,'Agudz4Sedsftzqr2e/zB5VoVt3M='),(1032,'AiO4C9LuQZmmx1rlcUAPFddlWCQ='),(998,'AKnAKfc1YTlDq1PFtb8EzeJIp8k='),(599,'akzX5iYxrDQOoqtN1CjapZEbgdg='),(355,'aLk7PWBwVvYJnsenJHRqnslKct0='),(1202,'Am+PVPlZU1m8twrroyoqj5xNBFk='),(187,'aOdiEuJdTcpVRI0PG+jZx5atwCA='),(28,'aoJwSvQxnOSUW3rSsmLPE8FeqUc='),(662,'apeZmCdrv5ARDyKybIulct7W4j4='),(116,'apLvHcVZjyNngr4wi241OkHXJvE='),(1057,'AqqnobcFm9MoVF1XRpTtqXw6yr0='),(298,'AtIaAJJhBRZiFJb5tKFeL4FKSn0='),(128,'aTTET2T2uR1fhtVVpSYcoCOw868='),(583,'Av7SKuyNVvEWXQc2gr9PJpo73Ew='),(274,'aVapF0WPwmI89HDLc8en8505eVs='),(875,'AX6iZz9Edr1lDZrbQt9rLMfx12E='),(735,'aXONHUIbxei1e5ZE9QCzBr9p7WY='),(223,'AyJG+BNSTZT1VVaB3TIepYlBrE0='),(590,'aylNY2EcDB5gmTUJqC9E1mpyDno='),(78,'AZvLBRmHUP8a9wnW/lriNjWSIPo='),(673,'b0Liqt90qqQyxvo0XELSqh+vQt0='),(91,'B0Y4BL9teBdQFVgTo5g50Rz7Q+k='),(415,'b1meUhTBojDDIEIQvqVY0cc73c8='),(780,'B3D3/s8sqdlXo/WmQ9skMzyWpg4='),(1051,'B3oQyTyy6alCz33Jk3nJOG/5DQg='),(35,'B4KDSMeJsvSHlxrL2ybXmqlTCso='),(492,'B4saXh83jezNYokDXcw2JDprlcI='),(474,'b4vk0wuGhvAojIwrTd30PK5xlZc='),(609,'b7ASPyAesZQCss5bsmQ/Ki1xXPo='),(1043,'b8YLDS3Qo9bw8aAh7pUn8s2f1HY='),(1179,'BAd+pgpPgWDIcs/+NIqAj94Ds4Y='),(231,'BAR+G3df5lNufxZDcxBFsOl70QA='),(395,'baXAJjsw2fp8T+sjjWiM0UzjGHM='),(1191,'BcRd/6yWJOQiXGnmh4Hjn4X0Frc='),(80,'bE0gZ0W+VwQ+cAwdvSyIvieoLO8='),(325,'BeOSD8cPcIxq9x9KOGacI79SOvc='),(815,'bf96MKrRWDqzquVw9zc5lNY1o4I='),(345,'BFk3TC1josdCZu02tr4sBsLicEs='),(506,'BG2npUezcyr0JMFKr2HuhDT/qQ0='),(41,'BGbHsRf+t7VHgTgigCxHgBgDLWc='),(586,'BgHOM6J521HIhCnYkpgRpTlt8d4='),(82,'BinnKDii49AT3rHYf7gaOXI8sZY='),(96,'bK4Pvgb7Onr47yfk50bHwYVsoBE='),(1172,'BKekxh51kUInfqMnqyJXBPEmt2Y='),(504,'bkwowapeNKe1/FvwqSwOugUb9bg='),(1198,'bLKvNld029erqcDUS2RvgYVY1Rc='),(1079,'bLn9zUX+9PSoyT27g1kiPL96RTk='),(1031,'blPcou1ygf8Qn0odT2qf9o7fW0Q='),(438,'BmDR4oETUU1xM3QrK6taY+Mfp0s='),(36,'bMgAlKegE4C1C544uQJH8zDmySA='),(1169,'BmmnenL97Ihp7uObu7v7MnznlTo='),(757,'BrMPlUsOIVN2Uc3fC8ncF/EuUDs='),(760,'bstUSnIkX61rGRQDhzQkxZdCPrA='),(205,'Bt4ZjgcbE9rKyotx1JVTWhtozf8='),(1142,'BTB+p/cQ4egXPTCPJIjtLGtEe9o='),(299,'BTYzJlwJCs84RZgPH702wgS7+Wc='),(612,'BU8KK6kR5msrO1Kgzjd2GPxyNt4='),(403,'BW7SpM/QdsnBgn7DeGNEO08lA3M='),(915,'bYqwZ9J1hOYwxQ0mEnpxswU7UOs='),(423,'C/M9c6XVuQs1h/jKnpEHX588Qb4='),(330,'c/OqFV2SbzMM3W/0HN4rlH7FX4Y='),(1147,'C2qHttHy7JjVv5ISGz4wUtIf3sg='),(837,'c4nXPSn/QoUVxws014bU66A+TCQ='),(715,'C4TMmNgBG7v0+OFNF3sF+YxZRTw='),(176,'c5nI2KWtRSI82eYjMA20YduenPg='),(350,'C5yAqSvX4bu4F3qv7QJIG3wkk4Y='),(234,'C7Yv4co3eRjHqlwoUNY2X8QZiqM='),(508,'c8hEWPR8zGbLkM9JjyVYomXpJp8='),(790,'C9IPB/NMtoi9Tmz/NMy04kQUjjQ='),(511,'CA/Yor7sCQI6A3luP5H4+OSPTXA='),(159,'cAOMekWQKxMfzAnVdfEj8K82uj0='),(594,'CbgyFxTBnf9xTIbMm2C859g+kXQ='),(618,'CcI30hSiL0S5XI8uaTnNpdeV49w='),(61,'CD4tBm3fRUvb0sz0Hq/C1UVGvoo='),(157,'CEcja38MVWA34Dh7ebjk4j+AO3c='),(983,'CEFswqDINU1/ZSBhSEOVTyy9P7E='),(69,'cfsQsGJ5f/DMvjCcpAR9+ULcy68='),(1168,'CGrb0hxDOFygs9+Ou3hvH3UFpLQ='),(499,'cH+lZKUTMtJwhwex3vXc3pAl6Zo='),(908,'ChK+XO4uzODbFtbXJbIKiqGYQ3Q='),(212,'Cj8KhE8OFbu/0PDws9lCstfocuo='),(878,'cK8W1wBtpIuR0cJptRwmA0Ab57g='),(848,'CKJZjk1IiNxQk6BHPOgwyVBbo7M='),(477,'cLm9YQpFZyUosn7Pb4A7oIbXkc8='),(1188,'cLtO+I2e3TUPjw7ZzaQuqTGbYCE='),(111,'CmaNUOSc6r+fImVJhWxLJk7mb1s='),(997,'CMgg2XVtK/ODv9EwRXx0P7tjIro='),(503,'CnvUO76Uz++eXUrpUJXlXp5SKzk='),(1088,'coniRvd9b3LqSQauaHyXSxja0Hg='),(382,'CosnsDYKkPAjm4GqZ1kimJjyEys='),(195,'CoYUrztjkZDqvO0azL6sZryY2+U='),(110,'CpehY6PUNZeGtFykGIGDGiRBCRI='),(183,'cpHa7aP1VmtgZDy6v83T+e2aqa8='),(781,'cqalvSzyjGtWQpvNHx5npzodIpw='),(527,'cr7gL6PpKJickJfze4fwbkCUMoI='),(216,'cRTPrnUmVyecIvhYzGTMMuNh3Gs='),(1039,'cs3Cv69p9jRTG+cj9MavZ6zylNY='),(584,'cTh5gqrzpDoJoaUNh7smFaiCed8='),(741,'cti5gpkn/98zjIyhQnbzvgshEyk='),(1083,'cUkXJukZj6btQgCpmzA/7/6z+wk='),(573,'cVOPH1wx5+NV389ur8HyEQVqQE0='),(624,'Cw48+PoX4cwh7MvEoS6qRE3oiss='),(522,'cYFONzPuONOPgJKZH2cpOdboS6k='),(470,'cZan+wt61wiqIfMkqv+G9A7qeXY='),(1167,'D+o4q9Ap0RfY8CTtXW+cNnXptCs='),(268,'d+ueKbTvAm52a2ImW9AHJdeX6K4='),(513,'d0v8CXyEPl1rLDOOgsiBNfivmPE='),(701,'D1XmIBMcfGq0gSY4rFjjha71Qy4='),(716,'d4DZWaBuJDTIXimes5KmOx9OL/U='),(447,'d4gp3z++Zhw6z9RHaHuKXfZXWCc='),(1035,'D6xR17p9Oa3QIotCaeYjxnjszO0='),(732,'D74Z4xGUIfKCLYguX35KTL2un/Q='),(1126,'d8jOB2dvlppCSVH9rdWxsIK0bzc='),(1024,'D8p3to0UXa7wrItPINCEEJVXMcE='),(1115,'D8XL5zcLUbIhwsymCP521+SDn1Q='),(344,'DaSWOMCfDviMAIvRr8+4wZ1+c60='),(689,'DbcidSEc1MNDPjiYPaJ9SSMj18w='),(171,'Dbf3RIhhg4/ZbpGw0kP6g/HYU8c='),(593,'dcjeEI47XyZ+26f21SGZAfRTFYI='),(285,'DDS8p2NwUjhTck81SLLf+27EQsU='),(99,'DDXadtvxWeMe2kpZ+31VZYDdwNk='),(905,'de57kyqilUZLBJ6yh66Wf2ibtnQ='),(591,'dEmNJgYWeFvV3iUGd/0Be3ry7gE='),(1071,'DFgMWfTx6pdjTzOJGYbsNz8Tab8='),(287,'DFZptHcrA/r5bgB7Rz8han22elk='),(305,'dGOT8ABikhndrNDYy0HO+yZSdI4='),(1119,'dGtZLiDxCR2KLRKsX4kn1OYE430='),(873,'dHK1p9kUy3GV0Ld0mAfwC7FNw18='),(808,'DiHgRylU2vNAhI9d1gDts6FBQgM='),(619,'diJcXNre0H0eKhD+OaWVu2Nz9l4='),(694,'djamZOGSnw/UyYnJXXEs5sutEwg='),(321,'dJBvXAeCKRMY6GyTtw7FD7DRw8Y='),(921,'djmVBjG0xUaigeHhjc2JD0HgCC4='),(727,'dk/GZpZWLfQ5R7NOXEDKOl642wE='),(817,'Dk5pJ1ZsVaUGBtTLKwG+derTdeQ='),(264,'DlvnUXWmMF9zJHDWDIQ8MkyPvnY='),(869,'DMCPivncuNH9Dj5ADEUkP3ZW2Z0='),(521,'DnS5xy4/taq7V8b1tWetItKbFO4='),(26,'DOtf0c4/nHuvbZlFkOHApSegSs0='),(510,'Dowdg3WaZ/KCNZzNFIoYuGTFYEk='),(103,'DpCIwpb6xrz8yF7apA7mq9O9/TY='),(446,'DpoaWyyKo0zVNTOdWawZwZzhMEc='),(77,'Dq+qWfA87+TgNdNzlsJLGd/CPC4='),(864,'dqr61q6X2ZczZPOe72xTvdAVfes='),(388,'Drd4A56osVJPIF8Zs4n6c1U80xI='),(938,'dreAv2Sg0CaXQkkmMd/RTJVTm84='),(162,'drjT04sKmReu7dHRRnNeGCyFVE4='),(792,'DrKAASS/4CO8YfCG68slvp++2w0='),(336,'drufqqL2w6mFgz/Ay+xBbwNSh/k='),(437,'DtC55PyaJ9ROmkNq02XhEqDuWK0='),(233,'DUGs3nLVa12tTYCzJ/36e7xNnLQ='),(335,'dUILIkveDcrjt16kfn+/nslb51E='),(638,'DuPhPCReH8xVxU3q7qwIFXO1fgk='),(542,'dUvzK/n6v7njLTZyZdfQxm/3I0c='),(374,'dVzb9fTSoQy2lo1vxVRUGt1FvWo='),(933,'DxrBwlKh7awULrU0EJQqCtfMVrs='),(244,'dYdd+lp+b/EHkVpBmhBQzQwJyPs='),(877,'dyV6wh6gfoyUUOaDvAaT/VUP0gc='),(550,'dzX9n5+n5H/2XjeJy8IgscA/TJs='),(880,'E+2DlHAmAbS837p5zartHaJX89w='),(307,'e/+yJRvPV6jBKdx/tL4IsvqIT0Q='),(140,'e0jWnIFoUwu7bvAI7173Xs9hrM8='),(1217,'E0seST6hBBx266i5tiwSuxzL6ZU='),(509,'e1zAI4xU08o/JV3MXmikC+VpxYo='),(645,'E8JiSOqTYRMZ4jSdhouQTOT849M='),(617,'E9BWo/yfKumZ9kd1i3rClPY1Prg='),(563,'E9yivryVVa6g220aSqUhW1mf3Ek='),(277,'Ea+BVcK3CZrSwWYMFcvKjySy9+E='),(642,'EA/drXFqB9r4pG+TPxb1HVMJzKE='),(920,'EbolaZyRg+igkRlNNcdx9OoL+LY='),(980,'ECKygpGNssqNppZEySTis2mmhhg='),(155,'ecRyiASmxcH2txHlc/zOZn8iTRk='),(301,'ecTOeJZEw4SVLlDDVIQ8SV71b7E='),(417,'EGDZT6fxtkbkxExgalQgLB7C6WE='),(473,'EgkPavtrQy/CXlPMth4dH5z3vS0='),(626,'ehovzhS8yCnr91Ej6TRYX/cyZCQ='),(1050,'eHwKSvnn6lokvPqN9oop/Hj5bjk='),(602,'eiuI8K6YlE2NO2c8/VL+eZS8wZI='),(222,'eIwROT78Lak87xQrfkddIAkrZ+w='),(750,'eJ2xlEPalp6MCDOfMYpq3fOen98='),(929,'EjDC0TFJ6SLQL0n45dw840dtgXs='),(739,'ekfe0LV6wkMzqZSlQ1K5+0m8YqA='),(252,'ElW0pDyn65q29cnDyaMWQZBtFvo='),(543,'emaugvdERRAVoE4WPZXg7rpWx8o='),(394,'emlEJRUQ8/huRpwnedKb7gDqrH0='),(1144,'eN4jgeg7Rf2z5DkAdjVQgfAkit4='),(1216,'ERKtx9bNOtpngERgZWP1PTAT1Ko='),(445,'EsOnXjlEHzt7pYZL5M+8UBf0Vn4='),(1137,'eTfBwJfpYbPyA2FlKauWMub2t1w='),(768,'eun8c84iOBkEZB8Hl2G31rjO4sk='),(104,'evlYZXuBBn5S2NF77LZRmzD8TFU='),(1186,'ew1trwwrlP8lCrkVCxISI6loHco='),(1106,'EWPVHUOJsQut4Jb6A+CjBLOXxyw='),(1089,'EX9PqDymEDJmuBQQg070uzLcy6o='),(443,'eXPxaECocIuiPG33x9T0VyRJP8Q='),(450,'eZLtfVaU9mW4/LgL4eSwwPbTXfI='),(375,'F+ltFgr0X4iIRc90tT/dcE5LXdY='),(769,'f2gwCzGXY72/2t3U73CDyY9yi+g='),(766,'F2m3bFig78ZngO/i5Jq1S1Ng22Y='),(743,'F73rDQYAcBofkXM0apGwmJsZub0='),(224,'f77lgLiZ+FIWQaTNltv5RNRWP7o='),(936,'f7crWgYw861xwfOnfo7gxBGDCQo='),(147,'f9rQgRlBNsAzhoZ64+BPCUun7co='),(655,'Fa0tIAJStFtf8BrsNdcbn0MxitA='),(178,'fa3IJoXnbKOg6y9T2U2lzT4ozZY='),(549,'FAbFQ+rpYuo1ie1yFcKciRVorKw='),(127,'fC/a1Q9qD1TE4lFfEj8Lehfj4AY='),(809,'fE68I0oyxyxUVSby2H6ZZVP1TyA='),(95,'ffQBrq5K01Iyg9diafjiQ7eslxg='),(762,'FFx7/Hi3MIcU6rfZpLyfqIlr22A='),(229,'FG61zakCmP0RkqDHIpbZzW0f8/Y='),(407,'FhghFPjOfjJ96CJLUjjbkQlZ6v8='),(425,'fiSjnYq8lEg5Y0zI1vD+4mSFmXY='),(976,'FJJnEzmXAvCkMfBTl5VnLQjbykw='),(209,'fL3og512dMqILzHLZBV09ZzVt7s='),(17,'fLaeQHUSd0ghnpT5kjRogTHzf/U='),(293,'FlaEQWMea+G4lcGnfVSfrUpeuUM='),(246,'FLEj1UWl+b7UdgQARlulyB3t9Hs='),(8,'fN0PlrmqUQeCR0amnHYY9VWXCzE='),(756,'Fn3q0ReFTGhuD9c32+J/XImCyss='),(463,'FOxYeAdni0ZsNyaU28UY9EVoriE='),(21,'fPxmBO6AU6OFL1a1MAlWUzKraBo='),(904,'Fq6HcbHm8eIh0yyT87TCQU5PBQQ='),(30,'fR+buIVuQaWWDtAx+cKq2g/J1cc='),(1011,'frTuiVYanj5erNCZZ5iy/QOW6gk='),(900,'ftvAY3jWn8Xv2iJ1zIR+75+a2PM='),(143,'fU6bssVqK3R3mTKE3PpEVghXqeM='),(651,'Fv+XCwvbsL1oPLmbPu1nLpJM87Y='),(432,'FXWIA6gXSLIy6CcHVQHp7aaS4rk='),(1045,'fYHi7ZbHzyIi3WpYzBAwnFHEDtk='),(518,'g09rMR/hAx3M4Nw11t+dfnhbqPE='),(675,'g2Xbwh6RhGqexLfxjk5znzykNH8='),(825,'G4EVE7zl2mk739hy0zGCU+ZgANY='),(1241,'g4s7qMRcQ+okLJpmEd+2Fkjxpsw='),(820,'g7MLfwaFBmxPDZIpZN7KnsPfk+0='),(1162,'g7OcA/vvQ98arA4pVUvyxyeeiro='),(177,'G8veJ3HYOGvFzt4seNTYO0Zklwc='),(57,'gaB0dndoJdvoU1pN2MecKrvJZB0='),(859,'gaJ9qaqhaFUrLJY/N3NaoRqFkLo='),(121,'gbC1pbgihs8puQ/r0nEHdJNrZdU='),(309,'Gd04gf9pV96IAi0X93cFmk4M/LA='),(1063,'gDjq7HkQc6Q+eOuyhqT32EXyvYY='),(782,'gdrg0knJ4Pq2EK5YsX5PUpV+IkU='),(607,'gGQmw2b8CDRu+OXyW4/vUEPcWDE='),(945,'ghbHkbYOBkz6B79pbZVJfA01n9A='),(1203,'Gi58/gjgip0TKp2IBzeGjrXWVnM='),(870,'gip/s/HZeunQcd0cTmyZiKumdDg='),(1146,'gJ8C2DR108V+7FDriUEqHim5PSM='),(1030,'GJJY8lzCbG5MpTyIGeG8J+iXBQU='),(1061,'GlMmerRMRVN8j/I9ZbLkO8+61XQ='),(1233,'GLWhWBkC9cUOpoOGr0hz/ZrSfWE='),(442,'GNhms6IPHsqDuLgNe6RJYhWPJjY='),(353,'GNhRyuv+iVPerEBpeNrEsF2jzwM='),(251,'GNyke/cU8OsmMAGi+vfzFayOLow='),(282,'GolgmJKvq0qVbSYOSw1giDNAU+8='),(824,'GoQ6HXhhKNQxsvvND31rdPhT1Gw='),(1227,'Gq45MWryqB2k9YR3k0Dt8UtjuH0='),(787,'GR0OxXcQcKlqFK6xs9V/ewj8SeQ='),(950,'gRuEYBLPN0HsKPG17/yWFMtx+ao='),(909,'GSb8SrXofSTX+uN6d8x+vfThiDw='),(316,'GttKTGZj5aD2nKg13cHqMthgO+E='),(1028,'gudQMQSoGzBRzTtXDrghcC+J2Tw='),(444,'gUIqbsNgFtVVprbBYwCVxVNi3t4='),(491,'gVuXQQGjdoPF/NheDiVyqkGtYkA='),(62,'GxIg4IThT27E/KQ1HXXPNHRB9Ik='),(502,'GY37jboEmhnOkWFdXPl8giUkZxA='),(674,'Gz6eUzmz43+GfxfO1G41qkZkofY='),(992,'H+OZNiZ2rDzvubcY5FecuMRNLR8='),(839,'h3tuHN1voggzOtbozH631ecmLVY='),(46,'h5LyFQcpV6GuIKWGZPEjuwod9jY='),(479,'habZQv0SyRq3aimFDYVOPGwPxO8='),(201,'hAcqxM80CCQDNQP/13h1G17oV58='),(621,'HBhfGX6X3UZakcrM3IJCB32IBjw='),(419,'hCORbUrK4iWLk+gK4Oq8PG+SGv8='),(363,'HF07r1fFDvPNIWt1jKRVvh/FwEk='),(828,'hFiazQG/QiC8b2GUrOc2FK+mMcg='),(788,'hflqqHoyNsMdHHGmXjDOjlfaaT8='),(421,'HFOr9A/KiFQ6h10YuMvnXwJR4w8='),(170,'hfWArAo90HWJMHQ6MG4POqL1ues='),(706,'HGF5E5p18/g0cuKU2hxFn1qMbrQ='),(113,'hiLh9OF8rI6P5dKz2TRRDSq8sQE='),(588,'HKc+65OaQl1J2XaZt08DOlzcubQ='),(763,'HKConGCcsCJ8WoTd+g/mrcpZtBQ='),(66,'hlw9OIZo3IuBNjAZXjFpV1FzNHI='),(968,'hMchtxHr3pg7FWsNHEBrAsu5ix4='),(1184,'HNhp2x0Q54jO6lEE9cp68rU2EJQ='),(359,'Ho7LILOLxzZmH95y1rFDkeGp2IU='),(629,'hOe7CK02BWoJi5VrApLRdpfKsWo='),(738,'HolEZTh4NbslX2yZIttkVfDPsMM='),(1173,'HPivUkoE84tWgBBAl+u6/41fJMw='),(695,'hpmyxSPejK6p/jtYvamGTUznIi0='),(637,'HPs6zQAvdwGPDTUi/K6hNSJGO4k='),(1012,'hPsXMTInCb5CRNVNiRdfITY68VE='),(39,'HrtDf1i6lc4+v2rbnO2B3cbM2VM='),(614,'hS7PSd49g+s1yH2rpYCP12T0Hnc='),(530,'HSCG0eGDnEQZx9hZTxmp9fYpcmU='),(561,'hsfXHDPlOPoO4KWqbrZTaQKFiX0='),(372,'HSK/TFwhV9syiPEjdtNrYx3Gntc='),(804,'HSYjZeX89VPRpcyuyYsJX2WA7hw='),(241,'hU4MUL+ivj6UzjKlSeRB4G1EsdI='),(261,'hwkG5FSsZS5/W5+0yD8ZGLmS1MI='),(600,'HZ5URbU3canWQ3PdStLhPS5MFWI='),(963,'hz7/C25rH7NNeJuaa0VXpMBrD40='),(693,'HznTDkVj1KggRNlSBxXMkgqjeEo='),(194,'HZv3iRLwOXVQH89aDwe81EwGFf4='),(22,'i/8Y0pAfraUPLZZY7x/BWihxngY='),(411,'i/pdcBkCSvU62eOe4hQnu4EOA0Y='),(1141,'I1oYTTUCGJCFgN64QjY9QjcJR6k='),(989,'I2MpEJmYExXKUjsS8Fd+wqOYW3E='),(1206,'I5NkNz+9H3PrW73J8LJ9hPIWvCo='),(278,'I6jZ2KCS6bFI/CX4FyskYeMqCnA='),(1073,'i7pqT4buJ7ZynNfUjjNTb5MDNPk='),(1200,'I8drYjpUnEH5D+gDYTnKQUYjLBs='),(1207,'i8j8cWDXYpsuHIUpse9Ppt/JCOw='),(164,'i9BNv0fR8Zic4TTL91c5yvhJ98Q='),(682,'I9S//yAzJr7wLiSyZ5dnTRly0wQ='),(778,'IAEi/vTjGRnGOUur9/ZUzTLpU34='),(400,'ibcyqIGHK+hXRIYPU5sp1EZABtI='),(1156,'iCIQX9C6hOmKTFdUiNmz4284J1I='),(120,'ICO6DAeNluRRNHE7LoMXsvSVHos='),(801,'IczuVV1gknAkFfCvh5lt0+u46rQ='),(420,'Ift0gXYbBv5KAbrA7lZRTM84/1A='),(1040,'IfVJGkvFx4PNW9dVWZpURXeAZvU='),(346,'IfxZTOo9s0naOOmXeckaDNFB7YU='),(356,'IgI3CKsDtvIAENlz13Lpjc6ZjQc='),(158,'iGLu5SJJa7CYVQ96g4U+OM/BJL4='),(536,'IgSzX/WpJagEIGkpgJ5OydMx09M='),(771,'IhHGzIYX+U3slEmlfQLGfRPLI3c='),(489,'IIw31kWwnqpdm1ClwrouYrQfX1w='),(507,'IKAIqqqp+Od6Y3+GZDkJlGx7JiQ='),(841,'iKEWV5JZ7TAUWzgqr2MABLgPucI='),(1251,'Im7F394UMomKiK9s6ptzHKhFnSY='),(498,'iNoQG9Iad2ln63Dry2PNPwvI98w='),(636,'InP97Aw8kWRPOfSCAb9ka5AhZlQ='),(758,'INRS/Yj6XGjs33vVHgd1ffzYTjQ='),(1020,'IoL17MGqODrMKyE62uOWdsF5J5w='),(683,'iR7U7p6eT1Bk4bqy7IrLJQsAhAU='),(174,'IrvK4e5Gm8SVrv71Bg5xqzNATPM='),(25,'iSiI0TcMscsYkaqn8pSnss8NlAY='),(925,'isSu/6gJtOOKYNKkKU0fE1h/CRQ='),(953,'itu1iV/CGhkGRnGoLlZn2RFT0pI='),(226,'iuJ1pl9HFw09/NDpLSgynKRDICc='),(835,'ivG5ySlWnC9orY3WUdpVIOvYw9c='),(1004,'IwnOStCgyBzXGJT0e/u7NKvLdwU='),(721,'IXqrRgMqcNkDsq/T1ZLyDcp0sgU='),(1140,'IZn7QLrPq6EJhGRbsLviY0zO3M8='),(1176,'j2kKKxS7Ki/hxxkWJsnoRjFv/HE='),(799,'j34Nd4xnUlYi0IC/fflb7GFMgFc='),(944,'J3EaSC6Y03mC04l3swWZRyv1er4='),(6,'j5WS67Gp9O09ZJ+YYr9fSCmFwjQ='),(1022,'j7Q6k3mArMxlO4+aR5+NBVt8vG0='),(616,'jb4kFuyE0KoaNTsQCD2b+z813f4='),(866,'jcm/SYRL/5wF1nO5Dn40YjBnaqs='),(495,'jertHZFLnzceRNiRuCTjZztsorU='),(20,'JfrNwBGsYS+CKW+ng5cBUKg84Q0='),(383,'jhrL2ctsuaUuCwLSHH+GP9MdUgM='),(219,'JITB4avLp+qS8smCvCB/gdqZaDY='),(1049,'jJ1qqDVL+AEGb6gA/61UloL16bc='),(260,'JjJAmpmFA7eoUfbJTcFtKlSHM1A='),(515,'JLyrmYvunERnJnrIN+mwQaP1Y+E='),(827,'jmAkMKGnu4KevPHaGSGy9bDzpU8='),(1157,'Jmhlv58xdzLVC1EBiZ1ozOYC+HM='),(1136,'jMvlF5tMP8lnXjobZXH/d15/7tk='),(681,'jndVZn8UjN3Cpg557hVsl5hBajQ='),(16,'jnwrBLCtkivAW1p7yawFJavKPUQ='),(724,'JOkzDq7old6rFKkS7Q2yAX9r1bE='),(888,'JOy+ezVQoTs8r1mwhwcp0AeevBs='),(1069,'Jp1w3WydUszk4PCCpbE54M8q4i4='),(138,'JpbK+wGgkHwbdDmwycpWQN+FDzU='),(1096,'Jpu1DoBhI04n549mGmiU3sFrnP8='),(1013,'jQPUaWDGf8x+q+2NQ2EbP7A0TFs='),(649,'jrJpmPNUs6rKvi3q1F07hR1wwr0='),(24,'JRyPfyiQsTJRT48srChZwJqcqko='),(1232,'jsLX+WSS9doQRr8yuGWPHPK62gU='),(42,'JtbtqfEdHNuyedfs72091vlvB3Y='),(331,'JVb3pdcnJS4yUuFQVZYE2z001tE='),(821,'JVs0h7HeJrzTMDPqkpDel6P9Pso='),(620,'jy8SsSy7IU8KYD7rKZPV3cnQ5OE='),(73,'JyUvDfxetVe97fCvXYQFLYs61x8='),(424,'jz0lw8qxWQ7fCjwKZ2DDGPmiQsg='),(570,'JzI0XHYSFMqUTvWEsRpK6sZdEA4='),(1139,'k/Sasvd8o6OC5oOz4M/p2GlKdLM='),(1103,'k/XKIJB2FyBjFXOWckhjDz67Vns='),(332,'k2IGMGsuTDlsFfhLdL5kA3g5BHs='),(44,'k4a1B2UN1H5JRrL1HVrXd4xcl18='),(485,'k6v6Zzz/vA4ghGBWmSmJitUjjlI='),(1018,'K8CaQoLIA2LRIhU/lyFbuvgx/4o='),(256,'KA6ZOEv836YarBf3m6SCQkxV7mY='),(726,'kAaaH/Uq80WwiQ167JJ0eu6t+yk='),(184,'kakcTLcLdeKe443Pm2KjwyFhKmM='),(1127,'KAQGQ9SNGhjgwnAh5ShQ4JdW68E='),(144,'kAVBnHdG/Pcs8AKO5bt4al9XOBw='),(1099,'kcve3Juo4OQGEfcHNnYAnEn3sbs='),(1023,'KehEYba9GnxhryPeusYsvIasxkQ='),(385,'KfFGvH9NsGs1RNiVmth3XT4nr7U='),(45,'KgBdiVFjeKRabrWUED7A2B2F79w='),(266,'kKk42nNX3bKFdNCkSN/RGaxqHjs='),(597,'KL9s5BwW9YUlbQlbBfm/LZsoxtY='),(98,'KLquX4D86+jTZmD1SclcFnfhDAI='),(717,'kMthrZ+Eic/mfpeGkj2FOi0nqDQ='),(342,'kMTvxpiGxryr/Ke+tKeXlMDyYsE='),(566,'KNm9mA6/8jhgQ2wrx6GEOGPQoQg='),(340,'KNp630dUuEUb5SM2HxD7MIRxIo8='),(348,'KOwlvhPbgg9tWNQRxZr6+QMwM8I='),(610,'kPD44hlzfVbNOzff0ozIs8V37sQ='),(1208,'kPKg0FVNWQE8XAxWCY6vrcuez3I='),(364,'KpLlL1C1d+OXfyVjeUvnlzZxT0M='),(770,'kqRinak2GWsHPv5VsYipnfVVvYU='),(677,'kqrQnMeehJ0kqh5aMZ1TNpoMNnk='),(347,'kqyz8qZjU61hGpEK8SuEj1FISpg='),(426,'kS8484zSfkxlOh0rGS/0iycIO2Y='),(154,'kSBj4tMAxadX8eGR9Kjlhqnt5Eg='),(611,'KSHDleXfzK+EajEiC3lYFsBTy1w='),(960,'kSqtKyTBzovdKzvwUBvbJ92OeTY='),(565,'ksu1JgZ5WEg07nrvNqM/F0BSC1k='),(540,'KTJjGEE8JG69ZaV8TZQqwGXf2HY='),(767,'KttkKCXalLQYyTSbJCIvPHaLcVg='),(795,'KU4r0hhbQQfdtBABxIl+mEq+868='),(634,'kuU5nO+QI9OgaPyJi4k76Nfi10I='),(304,'KUxuLeY3HjEF6/xG+hFZkIyvpak='),(206,'kvfnqknKpQ36UaPmeCdMXKbgmI4='),(786,'KwNbLrDovaqVOEunRacvULyqEwM='),(661,'kWoCRS5WBcAW4zeeKgqZyreMs50='),(523,'kwyZOVMyYAfQCPrBhNAS+RF9/6M='),(433,'kZe/uj2yS9LZ79b3wbvSiQEDDjw='),(1120,'kZJCiY4nCGrlKCrdZebe04/kGhM='),(702,'l03J0qqH1x4v7pt3hjbS3YdyQu4='),(1097,'L4AGzNtRvV+7b/J082R4KrQ/mtg='),(603,'L4Pl+Ea713rc3QVZv1mA1fSJKy8='),(814,'l5ryRBTEvEhTeHFG/OOKizcmAD4='),(393,'L5XVRWfJLT0SBL4pobxcccdPYWQ='),(798,'L792eNfuKEw7raklp4oJh0oGTSI='),(221,'LaS/bzw0QMk9L+121miWzlh2D5Q='),(979,'lBwUzB2T20l+C2/q+g+0c6HzzjA='),(962,'LclMQPbeOADcQKQ0E8tsCXa/hnU='),(303,'lCSDKvyGKxmFDe3gsgUL04KFEyM='),(53,'ld3jJeqfjG63M04rhrNI3BTbfCc='),(847,'lEApAvhQbqXmWi3icqqL113v1t8='),(406,'lfQemyAoeitOJDKNsjVT4k5gh3Q='),(1163,'lG+csOD0zbXiyWAij08+XB2grRc='),(990,'LgqFVrkB4SEI31BaOH1w+zdinNo='),(896,'li4OgLLgdv4nBpPhqadGUlCrJ3U='),(259,'ljyQ9OQdLhm3PCdCQ4vRLO8yr1o='),(215,'lkwWPGkZOQTPKJ3LzCVySDe0AD4='),(204,'lkxy2/OXq8jzRZINtRGim5rcmug='),(329,'LL1c6Pv7m8SOE290M8E3a9ubC2o='),(68,'lLIbZHNe3tN1RC4gOezOYayInzg='),(707,'Llta46+B95ENEAWmqHgqmc6NCsE='),(311,'lMbJbIrXH/SNbp1DORzYDP/7M3o='),(361,'lMJhm4fcYqrXks2zPNELpiro5TY='),(541,'lomziztbtQegIVyUe1Qa11kXVy4='),(55,'LsGgRfWbDvYQ3/mDfvN3nEww1k4='),(1194,'LT69a3TqmZ2ZPR3M0DJKp/ijdQg='),(1222,'LTQrK9KG0OX+x3wn7/gtUv9CR2g='),(860,'lu237YQE3MXWF7MTIacst8giyXg='),(970,'lvvFEvyIn2QR3hcvWLFKGHwRnmw='),(836,'lw+q5vf3hJPwuL0tGWoNtv8XM/E='),(844,'LxMlgrg40y9VsnHiroqJouXy+2w='),(981,'m+FlDfIyDeVVWTVa0rCo6nRWPJE='),(238,'m1+KYqatof3sYIbgeP7kBhXNCJQ='),(1209,'M3zkWcRdBmI12TtCZZ7zepw5dEY='),(1090,'m5/NczP6OpDYy6mQcUNcnXT/ltw='),(365,'M6AJThvv7sSQk0R0yEXDTZWZ8Ls='),(644,'m6GVe1AqL8psE0N3zSdKIYWfJy8='),(849,'M7NBk73Sf1NUk4caZV4Z22xLyOA='),(294,'M8+qGwEHJB5K4JaMwsdB1aw9XFs='),(601,'m9GHT6krBJivQN/KYCNo5WZkx84='),(75,'m9WnaKp3ozsxuoc384eNsVM9qk0='),(881,'MDElExlSo+H2O4Y+UpA6qi1+DOY='),(461,'MeuO48Y3RVkKxzC9wzJmYt+YHi0='),(1230,'mFBiqORcigKJyXSndlb+j9UG9Ks='),(148,'MgyUekC+Ld/pGy9+PWlw2vUKsp8='),(500,'mmrMW39WaWu2/bTIUyHHr4NjcFs='),(993,'mN/ZhGJkNMurMIF+ykdAToVoWFA='),(1148,'MO3Ttp1Uk8qP5uAx1YTDtuVb92A='),(737,'mPlknk5EDTnhvkp/1js26zTyn9w='),(230,'Mq4/U8B4uHFoYPs5ENH2o3kYmM8='),(1121,'mQPaUEtEkwtt9yJIwD8BgfQqrGM='),(1158,'MRfiFONk+YCKjhT+REQNsUoerWU='),(203,'mS0heaNsaqQXQmwPPwglZ+ljwUM='),(868,'mt3rvQd9FXPqszi/mrCtkg0EfgE='),(390,'MT9QXtYNVTyS/SyT5OTikNZcK/k='),(275,'MUUKNaZ027ORHoScTtKWBUs/iZ8='),(731,'MVG/9EzLCiC5QnfriwVfk+33UW8='),(1245,'mwmkKg8UmkNNQzzxwZHvHW5VxDs='),(109,'MwxXWrzg3tzFMNALnU8vMRDaMVM='),(343,'MXG8EgNmqrAfbyLtapzYlixvtW0='),(1098,'mYIlv9lPk0qXDyScyMrBkOpy2YA='),(986,'mzhaod6t8CQx/AVuvXNXOJhX9zQ='),(302,'N0PUoIZzRHIXO5zyWtphK0UKDvo='),(1129,'N4b5DkdDuAjUMwt/ivViV4r2duM='),(37,'N5Qv3GrJ0SVlePrXm5hrXvOG/OE='),(497,'N78agPj1/MPGHUcxueSxXK1YUwo='),(742,'n8dV2d4VNojo+7wfNmElXZ1i1P0='),(1171,'n8ScQ7ubOGXmbJnMltdZmOeEUtw='),(884,'n9h3iznOl24ifA5J44UgbCm4Hco='),(1100,'Na0ybyt3+OK0Cs3Qxdmf5J7tm+w='),(654,'nA2J2pD0EgGp3TWe3065z7xQNsI='),(1054,'nBHuAGUqG/UNzDfpX/gU7c80S0g='),(291,'nc0N3wQFYREhebJMkG2KOIWqT88='),(1218,'Nc1lbCzYPOenJ5RCT1oCBG6nO38='),(150,'NC8G9nMnbFbGUoE4MUWIzd+hphg='),(1056,'Ndf3k4wk2Q0ie6H3RcEUbYyJl3Y='),(1118,'NE30Ik/ptBjoVR/eoUjE+A0cQgM='),(935,'nEa//HnUzL1pKZTaVY9Z7lZmsFg='),(937,'NEMu7uHxsZCtcL8zzUKXq2RJsHo='),(1211,'nFDhIgRICS4BOHXEu/urAcpYtMI='),(1102,'NH+udgFZxjo6r7G1e8TTC6iY5AA='),(245,'NhIrMKz3PcWUafVzMSFiUtXTIU8='),(740,'nHMWGaebxdWoc0UbKj/UBOwx7q4='),(895,'nHwdxhRWS8sGGBnQfsFsmrIHsBs='),(1021,'Ni9dr7cd/yHzJRqMHNnDqy4w+/M='),(1055,'nINPqgbaEkR33DQ5gcowA9TdUKo='),(966,'nKZRLuvqKhdPZ+7KqO7q28hkmj8='),(734,'nlP7tB6QOEr1jrhjZ/mcHvZSJ4M='),(191,'NMPgbHUvjufcIptmRxN6ANo9oA0='),(1250,'Nn2JkZauGM/ceiPjyqQ/2FPEopI='),(58,'Nn99546awUD3sFNHC4SsBrTjiSo='),(7,'NNtdRsAHvRMmATN0lUD3E2VV/II='),(924,'NNxYWn2M7jLp7ZeBfaTy842h0wQ='),(32,'noQadMpZw891vbwqWXJbTjl8hB0='),(1134,'NoSbadnQpsjqxQ86O7l7VqRHBuA='),(539,'nPDHk4RU96yIkm/c0DV9gSDW23A='),(679,'NpjBtXYqdUUMHcbPkdEkN1iiohI='),(712,'nQIYZkvsr655t9140h+SaqdzlUs='),(337,'NRm45loc/4Ic5HrK7oWC9LPMyMg='),(845,'NRRMn1k21/Of2ugfzo/bgxS0d1o='),(759,'NsXlLoS4/9K+w9zgKL/kjZK6pQM='),(101,'NTU3BVdwwG0qbRGLC2UxfyvgZnw='),(67,'nUyRxhWolfejkC13dYk87SeuxPU='),(887,'NwoK98E8UWdyBK7si/NZO6l2c18='),(129,'NyFqaZPvaeBJrWtfTB8/93qepQk='),(579,'Nz+hvgcIlRspSrEqO/jvWnPLzGE='),(471,'nzhka3BTSO5DknCCnpoGU9OTEFs='),(163,'o+HRZNcRDRJpM8rcPJvWb1fSrjk='),(124,'O1XNyVWgzfsLqPkATkQzT9kuirg='),(122,'O2Dy73mwW+ebrssxIy8FfpAccPU='),(965,'o55nXNfYY3KoDpcTq8T2c6uYAmQ='),(85,'O5oMWErJ15an7OrpfSR0xK4ZOoI='),(199,'o7CZpaZOPXywofATnLORSupxgO8='),(1224,'o9t3o2pa+L5A20vMQB3sfjqvi3o='),(1085,'O9txIgZcMDcwFD6BRScINgFrp9M='),(381,'ob47D/g8LZpXfXmxmRlcYf7SCVQ='),(89,'oBkxA2Q6DKp0TWeumW/HbPSlWcE='),(885,'OblNv2J3dbE7e8ygSFRP2HfNy4U='),(802,'ocK6HRagZJJzbNptsfcPEyhchsE='),(152,'odC6MEefTU91vnm2OEMljmdbF0o='),(892,'ODLG2FlWRhPxxgQXLtUOImRmuQI='),(800,'oEb42LGao/Eat0BHGQvWe0AN2J8='),(575,'oegN0DiGOOLm6X6lO5U9fazB+Fk='),(254,'oFQ/ZGnEhmcFZmWNVy9XKmJW4n0='),(520,'ogSAs5l+L9+RnmkXlV/hRjbp2rw='),(247,'OH3XmfsXnKBGIGnltxsZxVNf1/s='),(1037,'OigrmPn2vJF9NfYT1ANkfL+ksFc='),(753,'Oj9xmJ4bRwcvTi/zjJovDCClPTM='),(691,'oJE5AugceVwU/6QzxJIMj0+wd/g='),(211,'Ojng+ZhkPFxYSBHJQaI6zfdyKsM='),(167,'oKKwba4l4z2KZLWxOaWxnw68W4s='),(173,'okMOVaPxWq8M0gWfA3OYpg49dho='),(312,'ol+zae0zUDxYxnfdeL+eTaA6K50='),(102,'oLgbs1ddc1J4QS71HriJ3276DLM='),(108,'oo1An4nOe8d6n2J//kKg426ImSI='),(999,'oP7izUntDH/UuBF1aaamThGwRaY='),(253,'OpdHOlEbOmXdoR1OiPaHkZ0WLpk='),(181,'oPeokPhtGn1W9DJjGFyQm9sj9XM='),(1068,'OQJOncDQqWhC4A1hXblBfUOZ6qo='),(982,'oql4+/TEbJu5DsnDhnqPAWuTyPw='),(823,'oQmcX/IIFPCOd+o9HjZREwT92eg='),(773,'Os8jOkw8jcPK/buya4H5iImlVvE='),(704,'oSGcap+5euOkGfkBhvZJxS+XJLs='),(1135,'OXDUAhYDdliIEMIoqP24EXz5jQw='),(146,'oycOojJCKkGaGfsAZ3PMXB6U4qU='),(528,'oYE8x6G98+vKEMw7fLMzMyxvS7o='),(580,'OZHN3HHuYpl5hvqZng8AlVaoJiA='),(775,'OZUxbmk91VW0t99GHq1rnAB9NjI='),(1159,'P+K1zTbBnEbiTKWIVLor14M6Lkw='),(133,'p04B9gljhdj6vxFJPpyDf6GaYEM='),(1007,'P12ISTZwaM3iH1llsJhAGZ3jRK0='),(360,'P20j73fK6czhVXLT7tPhq8g12zo='),(1151,'P2tysk92/M552A2XYD+cMZVcHJI='),(1181,'P480T8MU+NjY9ylCeVqiC61AJXc='),(5,'P6N7Gkjrbg/QbfaaJQK/pAB6E48='),(451,'p9ti5NL7MVrvhUOI0I+F96rro3k='),(460,'pbEQpxDg8+ReNcpRAD/3j9EpSss='),(850,'PDWtrsHKSI+2/kVtajCeT+aYdIY='),(1244,'pekJVfH0zoHs70O987vUEVEgKu8='),(100,'PEyRYakYJSlfgRXgiJDXK/TLHf4='),(879,'Pez8WwrUjOi7r9jVzFg8dy70GnU='),(462,'PgzqHBC6s6yJXNUKr9a2l2zdxlQ='),(161,'PH/CRgJpo5H0YYrwOeO6s4KxCn8='),(1036,'PItE4j/OE08f9RT8mDNN89yegac='),(812,'pK6A3+KU3hOQ+OItKJbOyCv1Q50='),(988,'pkHHoO38CKdqlPYcIWKFuusC+FM='),(193,'PoHamGsvVFyQC/hQ+AItdo6lgUo='),(90,'PQgthahn6aWKHqUF6V70iZXo2mA='),(736,'PRGYH59Uxsb6puVgFYEd+SX6f2k='),(318,'prJKUFYGCxlQxuDcEuMW5U6MbkI='),(972,'pS91JT5EMMz294GMQkUaPMfOv4M='),(160,'psrEs6beSWhg3dd5Q2z5NrewbmU='),(27,'pSYjIRKgDOOEynmh2IVued937pg='),(197,'pT7aEhtbRdm3lKBIMbzu4LyhXlI='),(132,'pUbs8dR0FTh2gVomSX2MLteLA9E='),(79,'put4a+ovYd13oBKORTgOIDWPxEo='),(1029,'pwchepD8ThJhQi/dnmBFtcrj+3U='),(1236,'pwcRpq4zl2CGQ/pKBETqAXB4bxE='),(882,'pwk0NzKj9p3UjvFQurpcNv85bBI='),(1196,'q1oooNL1DnIYeZdL8Tfhc83hD1w='),(1193,'q247b9dUe7kb/Rm6X12tYR1O+gM='),(13,'q2yUPenttHtKEmlq0TnwoJ/zH8E='),(822,'Q3DR9NJ+w7+9AiASx7YjCInVZew='),(556,'Q3k8j7C7DozQHL/uLmCPFdC390A='),(112,'q51Dt+QQTi8aez39JcCFBppOcQg='),(408,'Q7AoMv5gGWOWDWc9ouTXaLqo8ik='),(198,'Q7xqE0igkCOGydzPShW8HqXSlLc='),(213,'q8eJm4xXtRS30knd86/r0ILiO3I='),(168,'QBA2K2oJlg+xLRyEHopjSYxnF7c='),(34,'QFUkEKZNkOVo5cV2FqaPk13klXA='),(698,'QGaJu9aCx23byRVUNWMrIpdgDeY='),(840,'qgJEKasgIxAJHSWmZXDhQahwJX4='),(797,'qGSU+WoHctxG9SYfedLKlXaMdZU='),(196,'qhRDyz6HtNq+W1jd8cEK5tR7bQM='),(544,'QHY/+x6sjGEkOOYmQLxMhXNdhFI='),(357,'QirbbPbnKUsb8Vxt9598Fdlw2es='),(633,'qit3H33BZNxNXoBnpoODD4LWQtA='),(646,'QkicivOv5pdw37o4u5qsqGcQgyI='),(431,'QLBHhL5juebuQ4II2q86MeI0+aU='),(1084,'qLudYDyvqsvGH3Dqjns0RItxPTw='),(153,'qlxbm83JmVyXkghwkOXi/dPtviI='),(552,'QMaMLQucz4CkLAFCefxuhpttypQ='),(688,'qMhAl0eFIPbABlQW8mHfI/LTI4A='),(687,'qpiKE1Ga8NtQQYHxV3t9JTWiV3s='),(54,'QpIZgqdKbKlRq77fmwoZcy/FyBQ='),(605,'qPOj95taua9cTpmU/oaxCzn33tw='),(831,'QpVltF2/s2KNuqxOS2T4iX+DOLQ='),(488,'qRDNM3Eeck0oBthaquONgyrmXxI='),(1155,'qRl9CZuLVMntNe0XjY03n8QRz2o='),(469,'qRu8VnZ8dgAFmSjE0nl4Th3DfSY='),(286,'QtHUvaCvYlTinSlusW8+COmprHA='),(92,'qtu0Dy+BlrS1WGfJ8f7UWO4Hn1U='),(237,'QucUFwO6g7p5K9mAvoxZsCsNlzY='),(296,'quhn/f37GI2FnK7268ppPF2y6zY='),(834,'qW4pUS7kSLsnlMUJ/7JFLzDRr2A='),(242,'qwaOGoyYOkNJb7y61RcpNMj/kIw='),(709,'qZoHO9Rx/v2VbVLOvX02iKIPJqg='),(948,'R0m088DK5xAuOkLi5Ju7DLX3lrs='),(413,'r93VaX67bnsff8bQn9qPerXRAd0='),(324,'RC8tPTkiki/T7N/qtwb6TvBFE9U='),(328,'RcqCLVpAphvTo7bCjjCt+X4uXCs='),(807,'Rdd27YRpAJo94GEQgBNWwMfUn64='),(436,'RdvSR9hntbLlmRDfRogThK0arcw='),(1247,'REA0tBuXzZteumELuXaHVa8y84w='),(947,'reSdoTRHM3dj67H2MR0n7HJVL5g='),(686,'rFKlkFQxeyxAbaqjZ6TF7eOuV0g='),(1094,'RFovtGh8Fx/sOq2bbW9kOlUKQyY='),(1170,'rGU6DO9toTL59YKfFg5NeeKa7VQ='),(297,'rHuaw5MdnR1ex15k3yc6emlHeOc='),(554,'rI1QFc2nrrLQO3LIfUsKequrRHQ='),(572,'rIJupuyxSQR6OiUR/StjpCd+SGo='),(1130,'RIZ5W5H6iepc7QQbL4lfNAUzSJA='),(106,'RjJc5iWOIgVqSI1or9yQtfO1UIE='),(151,'rJthwEEZu0xZF5ivlInRAOF8bsY='),(843,'RlgBFhlgh3deHT/Rmp7ivivydVg='),(1149,'RnB7bKIRRZf+toPZ/ftVD/KqmHk='),(139,'RpfKYYTCXqYLPhj8/4EO9oxlLpA='),(1213,'RPx1plgMe9+U6ai8AGJJ1oNG3so='),(1093,'RQiTFOTkFWcEGeXF2lWb7SJ/g4A='),(468,'RQPHPRl9jmRrNLVypoxYARZL3Do='),(1044,'rRaA0UADcdJfgqjt+NIt5KBPFXs='),(886,'rsjWE3oGzJnC97b8XKnzen07R4E='),(648,'rsUmcjh0lBtVQ7lx0725wXIbm4U='),(567,'rtpAOt7+7X908jJeRnFwUzuAZg0='),(1234,'rtuwVCpX+3tMFA1kB88qdU6YIq4='),(47,'Ruu4rP7AEYdGYbBDMBiCuXHURbw='),(560,'RuundMlQEXu7g7P5HpydKuTc268='),(676,'RVm8I6VroA+/Fx1ZuYYaWHDFkC8='),(537,'rWWwYK1vJXpwkzyFBLmB66F/cOs='),(720,'RX5Gut1JO0keZF7ePhxRct6Cjjg='),(399,'rXqbzTcVGvdeIaolbhL7feAlYs0='),(1145,'rxt4hR6cfdZMXhPKVJRprk2tSxw='),(984,'RYQX3xocdM9Z6RtwRtjjS/4QBZY='),(65,'rZLfCHvzZIoQ4jodCYSgtTDBTV0='),(1133,'RzqbcyIBHthEm0CixAhG3gTF+mg='),(919,'S0PXjehgBJevvbMR7vs5EeejFHg='),(1042,'S0uJJhznyo/JKab3HRMRwe2PC+U='),(435,'S1DfelvSpbUihlqez6ksEvbHtXo='),(1238,'s2ctokAnzQKau9kQmHbxgzIZWxM='),(1082,'s4q73MmASYVHzMc/IXy7IBYLdqc='),(83,'S5CvcDQGfaHjNxVQ4NcQvBDjby0='),(378,'S6OUFjFKEHrnt6l2t7XkDzriH5s='),(658,'s71cjzCLpNSlR1BeNBZnjR86tVg='),(290,'s8qpKgay6g+7vDVwGJ9zXSOofo4='),(327,'SAmp/M+2FK3VXeAUZ1q3nXebTUQ='),(916,'sBHXBVM0osHeKDknEM/ekOroA9U='),(1252,'scbQdYjsjE9v+t/BDi79YvQvK+E='),(134,'sCCGph3Ks5w0k2FqsPNFBcZDJeM='),(1128,'sCMITgDE9flgy4mODOF+WTpNBqM='),(1221,'sDTDHUa7COWvT8LxfmKH+Y9FXmY='),(529,'SeU+zrumOWPc5zQeDQ29AC7WdAw='),(524,'SeXlQScTuexOAD7G4iGxcg45tpM='),(1033,'SF/pbxap+KD/2Xfv/K8oqHs/aH0='),(273,'SGhXbQZfrzuZTG3qfS4RQrGFIhs='),(166,'SGJvKGYctV77fx+SRKhGhNTcNGc='),(1190,'shXwJH637QdgVpFWzqFB290YYRg='),(33,'sL364/ETzZWyGSRvV877jgvqBYA='),(851,'slgpQJgtD80E2g4MqMS9Fc0lsx8='),(746,'smU4Z6oMd8a0jDE00W0yZfUOczo='),(917,'sOsO8YBaNmTKJgiM+MqZouxp0p4='),(334,'spocXlepzr77s4oMuXxUGdhJ8gI='),(404,'SQm/CoZ6Y8dbV35q0r7VbEO3wb0='),(1195,'Sr4Ae2tUqvROw7NzeqUWM5TXcl8='),(279,'SSK+9xnwx37EwFwHDBNeFN60r/Y='),(546,'stDxBBxLv8yOpMVlnv+dWump4x4='),(323,'stF8EEAUrguS0M7BC8YH1HNjDDY='),(31,'Stz4qt6lvqm4uvZv4Zys+169H0A='),(1025,'swxS93cSJCaD1tk0qX1xkuYBoIk='),(1052,'SxWaqyyQNlGC06xYATs81VDEvDc='),(448,'syHY9qFgJtTj3ZMRhPscPYjaYaA='),(852,'sz/b1cwcyDZfeBPf50sT4W2pqek='),(63,'sZAkvfFqR2Hpzp/tRiQL1mKmo8g='),(416,'t+NhVNYyhhpFHVL6LzmpD4N9AFs='),(596,'T+zjt67if++hESN34vpJYc+gbtg='),(723,'t/r11XQoptNozELZcKdeN5GtFrc='),(430,'t0ncElnVjzGYHkfPc+yt7TS06rs='),(317,'t1YGw1cF4iHSN0hI7+B9ZFo4KFA='),(440,'T2NKYk16Mj/E/HB3zVwpF7eUG9I='),(74,'T2uDEG8X8TQRgohxL3x/NZuNvZk='),(517,'t7iBPZjdNcJ6pQCXfJ5CZGMmWM0='),(913,'T80DeN6i/+83ZE00+bAT5mb8MVk='),(12,'t8YkzdFdvE941pcrG/aYtcQ+tZw='),(718,'Tb8Lu5REdsP2aQD1qYGwgnBKEF4='),(901,'tCQ6oNdRDNFZsrpbRU9Dk+BJjrI='),(562,'td+opIv2lcSO3x0fujl+sb4VPEc='),(71,'tGGzwBuJogEk1TNLzvgOFjCJ7N0='),(1092,'TgU56lJ+Yiwyr0urvaU+hv6sW7s='),(19,'TjUmScRMl/Trculq4yZgtDnOyR4='),(952,'TkJspc73eAG5T10+mw74rkAo/Zo='),(874,'TlSyDvNryw8W4NJF05cnWJz9H4Y='),(926,'TN3y2Mo/5SGW3BdonvWhz4LRhyc='),(996,'tnLXQG6IVaC4IiCXHTf2/b2QJqw='),(1065,'tpdl37W0V0lU/qUwrexaeUx6RUQ='),(493,'TphQzQ1rXyXSpUJCTUNQ7tLLCZU='),(922,'TPVPUvi6lEyrlTU9o51GEpUhBtU='),(669,'tQd6uCBAuvdIm7TrPDWRK07Ktbg='),(833,'tReYSGH+DrgscywF9DoMcy8pYHY='),(585,'TriigrqMtf3pHMCrq7mKOr+X8C8='),(1002,'TRmaewYPBN+TjmT/f2aBefPSQi4='),(172,'TrzjDcd7UO1AFRQt8yHgEaqyCfw='),(876,'TX9AU+Ti7XLLpHYlLO5gQNqjV4s='),(899,'TxNLWDMkuMX0z3xISYu1HH51+Wc='),(11,'TY4fYwluBDA75of+Em1Bl5S39MA='),(52,'u+RvvWrfLy61ySaDebh70BT7wG4='),(906,'u/6STIJFuarHIStRK6Fu4iVvQHY='),(258,'U0BMph3nZkWeZsT7gxK/7/SuYXc='),(1111,'U0fddG6qqt6ao0syJGR+74XX2CQ='),(861,'u14nwIKW773WMlgzzG3ppOimoHQ='),(1005,'u151g9D8QITTkfzXSBnTY7kKIko='),(202,'u1hsALMbY2uNm7OgdtL53lEKP4Q='),(306,'U1TnwMa8TxKd4AFTcv/wP/nWJzU='),(235,'u2328sVpW3PaQ1jvmp4irGy6F2M='),(957,'U3T6J4KuBqfsfoA7EeTqIBlbPxw='),(699,'U5jifn5KgIeJ7JHvkjbEdpQ7c6o='),(188,'U6yomw835Dj7glGAd6qsiYdhX+o='),(369,'U91OQhQeTTS6OLku+2+/GXEnusU='),(458,'UAWhD5OqvxPEghVjWSE7L2HzKUg='),(1000,'UBgxqcwQXLn/QRldSlreDB1MX8s='),(1185,'UD/GWPPoWgWGejDm1GKifWdye4E='),(893,'UD13DifEkJHBArsKmLSDjBxyfkM='),(749,'UFDyaUXhaAKvbNTZwylYCvarSgA='),(902,'UFVn2L+8Y3vl7IH4KlMliwwbH2o='),(114,'UHf6dCBpyoqaLAtnXowYTJx8z3I='),(125,'uHo9sxAC+f83IFxlo8ztVANUq1U='),(1014,'uHOmI6G7OfvJHVgs13KzBo9uBeA='),(519,'UhUHKy5XmQbRj13R+RqkD6GfKIY='),(747,'UjTVYmxCcEiH0JfMJtcoXic896M='),(284,'uJxMZgvxLlF6vlYc8NjAra0F/4I='),(453,'uOsOb92f3+Qh4fChlysPxexBNxs='),(826,'uPE52sSEMgbpj+sUKXshMKFtqHs='),(796,'Upq1wR6s2V3IUcFJzhVPCnen0aM='),(1006,'upsIIM/gcC5HmFFpv4TG+by5JxM='),(354,'usEnl2CWdqLZVn3aD+OGFKwsGgc='),(1070,'UTYs0ktcqUP8rZM/0iGRPIDL9to='),(1009,'uURIpyWWjwBfIO3dTXCjOea4T/0='),(117,'UuwDjypALN7f5f0yGityj04YoRg='),(582,'UV1QEFUEKhnUYIz0h0Eft0Mo+/8='),(526,'UVXbphPz7cPE3F29ro7eFOHGcDU='),(745,'uwLAuwmfa94lU32devR7creeH/U='),(243,'uXfmSAF237iW5ypTh56bDZJk4ao='),(1180,'uzLyy9+rr0d3MmjLYltCZ4i5Jhc='),(719,'V/y7HrEUws5JbCEVsTDaizIGMdY='),(409,'v13E8gt2lJYckbpABxQNtPv0eMY='),(396,'v2nBarSuOuJQGM78HwUzK99lSqY='),(853,'V4pz1P+5awIv8r9mVm2z6yJo5So='),(15,'v4wmE2NM5mN86DXb1B2XcIn/nK0='),(863,'V9dcCz3gvnBm/znMUXeYS2lccnQ='),(653,'VBB+pPqlo3TPdmDm+3H4WGsUoVY='),(728,'VBI/P0dZ76/J62vxRwHI7U7Jr0U='),(639,'VBY5k1OkKrNp7YXkwWKkqafpdBU='),(671,'VC28xkK+XrfONkizuJSF9y4YPW4='),(1175,'VdmufDwB22i8yFKjE9NVVz2xis0='),(105,'VEvO9TN5JXtIcbLIC382xoKRkDs='),(1243,'VFHm8FVZKqUduqKScgrUZN6yY2s='),(613,'vfxSxjCWmpyMII8silbduR7WvZ8='),(169,'Vi1bjF6DEhcIWe49OS18b68c6a0='),(1107,'Vi1hZoZqVVzO+yxTegrn3UDnFjc='),(1001,'ViHv/FpC4zJ3mBsMJcFCvJ1LDcw='),(179,'VjlKPHHWZIgwfs7KIwlUN+4Is4g='),(43,'vkN47nSCQnrYZlTb5FkUbsOiag4='),(1081,'VmUTGbhK2eJRXq0M/B6Y2vuN9JU='),(1177,'VnjvuAceuMM+cfuK/dxTNcoc5I8='),(472,'vnpaCGcB+73C3GoELXlk1P/dB/c='),(29,'VnZZ0Yn+XPXZ7FdPWYjahUDFWcM='),(514,'vo7BENOQTCMI3VWWbjoZBx0pA6A='),(1060,'vOmCzi3G3c4xUPO+g/epA8CA4jM='),(269,'von5y8fJClfGGhnWnLSX9ebWkSI='),(578,'VpN0+faG7ROIwVdtfzonfzIi0qE='),(1235,'VQF8RAudDfgXJ4Td8JwCane17m8='),(1131,'Vrb7owVYJvZNIjavrof/2EPIWao='),(482,'Vt8hrca29jiQQ6BXtmDxUQz3Scg='),(776,'vUoO9ZWg0Uq6YHtvU0rTzU4XTuI='),(51,'vXDBDJB5N0wr+p437sHQz742Yqo='),(370,'vXjYxHMF0+ztz0tNT2fftcKnA64='),(1108,'vYxkADRsqYwOF2GA3cxZg8buRyA='),(276,'VyyzwmCajV+HoAw64bhvu5/lbaI='),(977,'vZiMpVFkbJnUOXhZg98AEP56XPk='),(314,'w+JZerB03m2xy2E4XamDVXlGZ00='),(576,'w0zOuIYWk8nipp0C8qO20lmA9fg='),(1086,'w1+bWulwPDlU3PAEEbbjR6Ed17Q='),(1219,'w1xLLYITbr/jQWaq5GxIjtMTAzc='),(190,'W2JJk0257CCNtYOXY4+hI/m+3JA='),(1122,'W4m8wTLUXsMjvDN8MNFhrPmjTlA='),(794,'w5jPx4RpUtePS8hBZFHZ674csdY='),(670,'wBZHHbjt8qakwGuAPvGlJfqUYYs='),(931,'Wceze0ORNw4FEPIJ1O+yIRqlwtM='),(76,'wcMH9pFbP3QKyEP/Z2oa93ltRgQ='),(1212,'WdKJNxbmQ6+O9oWxBbzgQZH8Abc='),(942,'WdyJw4GQvm24Hol03GLl50wtxbU='),(587,'WE189UN4kojgsqNZd3uyKGfu6Do='),(478,'WgJ9254Fovwf6cd2MNB7mMdoe8U='),(635,'wGPLkGZw13eBbAn9U4j2FqqVecY='),(1113,'WGxHEC9/54PHtTX4AjwR4yKAF8Q='),(592,'WKVxBjUDj5RldlExN8OCPFSQv0A='),(352,'wm75ko2GSl3Sufi9ESxc16BbCRM='),(434,'wmJptOUje877oohlZsrSIGxsBkw='),(805,'WmKZUzJVuT/X8s/4GAW8mxIyaVs='),(1197,'WoEXZrMwvw0VIqgf6DG1cujJhPU='),(1189,'WPDwY6flEFbjcj5HKrRksVWpWfI='),(1026,'WQ2yAMNTpQxMOxVI+4YcXclD0rs='),(785,'WQMrv9tE7HgJjTl25QVE0S7+W84='),(748,'wQxH+aEPTpaxnMN51pFv9uyXZdE='),(72,'wrDL3eSuyBBTzscSb/1a+1JaHCA='),(525,'wRglkSGAZAomDdlJKRfpjDa+G8A='),(665,'wrGYWAGWRPcADfXOkECYy9SKlHI='),(555,'wSGRZUfYiIiv9JKg67Tba/Ec5B0='),(961,'WsRuHInExjym8gYf/d2grx365sY='),(476,'WSsmmXnhuCYMNE9JxqFUZq3oWx0='),(339,'wSU4Waa2n69qnkqtKFaKi860Ud8='),(891,'wSYPxdw7g+kotdmAYZB/lVxkEnU='),(1199,'wU50VpQCUVm/T2D+UYjl43IwpW8='),(943,'WuPYJi6Qeo5y7aF0INiK3ivtvSE='),(130,'wvGesdCSpfy9Qe0WL34YDpVJCrw='),(751,'WvWfNTtyGMR85RrL7OIQt/vQ2LI='),(604,'wWjkcaxPKUQQgp1KU1tzswe0G0U='),(250,'wWKNSbSnOFCc0Li0cMVV+xYPdZE='),(137,'wXCmuwVzg+S9DV7I7wLWIDpWYTs='),(659,'wZqzqcVn8mrL6mUpWUaaPkTdXOA='),(577,'wzWVfK86ZxiDEWVoOuqakVRcMsk='),(414,'x+p9UitLQdY8QyV1PXyFGcBY45g='),(854,'x0D7sTskX3BcP9XVwmML2cD5g90='),(1034,'x17I9hwLmqst46oLZaxG/mnHQEo='),(765,'X1N6bFL2UG8lJ0vEvEjYrb286/c='),(946,'x3eUyzH+eMRPEWD+QlFQB9Wj9/Q='),(281,'X3qcHuMYxA37eextjMFM38sMlXs='),(496,'X46znWUmCqBEU63Ng0VxuvuuJVg='),(700,'x5mVzvkersykdHUAk7A+fFbpcPs='),(265,'X5sZrvT8zwn1GqM2/XI4fOYlvL8='),(1152,'X6XjKIDCaLlYYJ0rij7f3ToNoJ0='),(366,'x88aQoWcNj3ZKpxrSd/XuazVLm8='),(871,'X9GTzWj9S/V8k4/9pmWYYRl9N2g='),(283,'xaYMSsHSoKUnQnDrB90cbc+rmD0='),(315,'xbyMjDEqTP73kZH0Km4AApMGelQ='),(774,'xc55FYvtFm+m2BoQgCrKs2zLBlI='),(955,'XdgDozaDXYT3uCeA014eRahY2Os='),(338,'XEie8FIOcrBz5dkMs/0zsxH6k5k='),(1125,'xeoWjIwA8IbaNuQHtrEMoC3jH5c='),(553,'xF8NfHUmWHqI+CqVXQRFSvEBp7g='),(185,'XfdeZU7UJp1jaDhnKbeEACVP7Yc='),(165,'xFMP9kthtXkDu38uflSwDjHV1RY='),(1239,'XH8puXu9dgUFuLuyGeqOZ7tkwZU='),(559,'XhdldBU1NLK5WBtqjNNNdzDE2v0='),(1078,'Xhfeg8+9MDnZYYgtew3dTUWvrdY='),(341,'xHt8SJ7VsJDVpLCcLA6r4orOYz8='),(657,'XiI+D88raOX5xmdUzRj3k2XASx8='),(295,'xjJZpGSYEG+ytCckmQ1v1czLIYM='),(772,'XlsvxeDOcpqX3//kTfcbRcOFzOc='),(685,'xlt2La+eMbR/9I8w8+0YjOct3Og='),(708,'xMWDmWH8iaVoM+H+ILnOl0tWTRY='),(589,'XnDEs7KhsuGJDWDa3mPpPqGyGsE='),(1183,'XNJqVkVwSelaNkp/wwU/sZOLwHc='),(1124,'xnTfMw7BZa0+FJCkREYYCxsgfTY='),(1154,'XPEieEjLn5OkBQ8lM7GnIL2Vb5Q='),(319,'xpi1QPRT7Gwr81xIlS287oSKXwA='),(240,'XqnyDTd4OR8YFqucNa44OZfZZpc='),(141,'XrsxFz8eT12uHmUiDmI4eqv+LBw='),(371,'xSGPBFq6Elo6WQhFkUg4JqucbdE='),(725,'XUJiHVBI2eeywj8kYBrsfWBKtrY='),(23,'xUJNSQ5U3PTLRX8JJO5TjMxTSBE='),(811,'xundsXVDQY195BprU9RsVPLfdco='),(397,'xXhRzVYIO3E7/Qmtb5Ng8hqs8Ig='),(954,'XYIZAO5qdPABjH/pO4fc3gTvWtA='),(684,'xyLMPe3jC2l1ll5S7XYR52GTzoE='),(1048,'Y+HxBohOeqJpkIoYkKPKk7HvGxU='),(262,'Y+mvISJfMRbZPZ1BNS138qyoHas='),(545,'y//mAihujd1fyfgWTJqQldZ0oXY='),(1164,'Y01InXBbafXi/5yUXGB0YsU5Jf0='),(703,'y0Ux0gSWxXCV6TJ6lUPn4ehdpTw='),(571,'y3/nmu0VllupvourrWkCl4nBaP8='),(1047,'y3TeX4ghAaXgO3moeWJGOtHld0M='),(974,'Y5c0S24euljI3zkaxklcbD657jA='),(551,'y7lAnCWIxT3+XPrtO/h040fwlwM='),(402,'YAg5PGWKKLNVmD/FYvgTvF5ybBQ='),(220,'YasdMRX1dQhvjzjYYMvC9faazmE='),(733,'YAUvjxOd11Mi8jADMPISFG4F898='),(842,'yCt9JB1Vv+NWllQs30MFNR5P5gE='),(86,'YDdKSsFtKdEHr0h+GkjSjKeJ2PM='),(939,'YgEvC8YkDFUEYbB3L9hvZp3Jcxw='),(349,'YHfJUByebKjQupELEF0C1tJGlaY='),(697,'YiHrsH3Bmi2Nhl/pV/ocSEfVLtM='),(729,'yINPkEm+jeL2TUGnwhi8keWK1dk='),(1114,'YJ+nFP1ODSYqLqfoopcLWzGwekI='),(911,'yn49oMqLC4SJVTrf3B12TWSxgsU='),(664,'YPeVBlB0BOMKOeJWUwkaHxKi1IQ='),(1123,'YQqDnqgb/1gGuJXpYRkLbWByC98='),(487,'YR93F6qciby+THXoezKWgWMTVpM='),(441,'YsiCCMQeZcb5yWhiVfOU5OpfIsc='),(647,'YswIpm2wRqwv7IaqX7hu4YNYPAc='),(267,'ytwt0DIKxiAng08MzrbQ/yWkzc8='),(368,'ywBFuJ2PKyYWedCnW1aGVqOPb2Y='),(696,'ywhnY7qRmnkL15a7D7Y5925WB3c='),(865,'YWpe+scyasI5fgJFC9JPV2PxdMI='),(930,'YxvinviYk/BySGgAQ9Hb1oCC1SM='),(1058,'YXZLWbpY35TQTciMIDzyiBD6mqE='),(678,'Yy1PKlSX2m1D2aWTNmDpgYXAqYU='),(64,'YYhBhf0Jl0BWUctcnniMJTwtfwg='),(386,'yYtE8768dv1CwevCZYE4qeHRC9s='),(1059,'yZKCpLFfSe59q/PnhFjEGClrths='),(466,'YZYPpwViMsOOHF1nABKrowV2ljs='),(1109,'Z/HtA1ub8syOVlihqh4AJoiyhao='),(180,'z1J9mHxYm44UVJn/L4v0uWcIBRo='),(793,'z1VT+7wwW5NtFq9BT1E1uLZDpmk='),(1178,'Z3lrrSXqZ27KnIzabZxJFjXtg8s='),(248,'Z61Vc807xBIm61jl1SWwhvyy2QM='),(803,'z6sHDIgRZvr/vt6mkshdJyyHskE='),(672,'z76QzLOxEQnp+va2erdJYK0Verg='),(351,'z7dGplOD07GZ72qGpzu9sUUNTHQ='),(692,'ZAAwVdbVV2iyLiK7PD6teUY6b6I='),(650,'ZarBzcYVEaLZK/0xgd9Z7vlbcuU='),(668,'zCAGj10GYJA0RQqhCGMajq3DOHs='),(867,'zClvbFdHDhJOvZjqhJ27OLz9hTc='),(115,'zDIAXuthCV74XTXoOesRGs5Olvc='),(459,'Zeti9m0bJ18cVhWk95zkLL0iKRs='),(934,'ZfbRIVIIoy9dKRTYFeaNC0iezcA='),(232,'ZFhBZhRW46lJ6KnOMnzT07/ri94='),(217,'zfpgccGBVA4CKHvgil/0K8YxObg='),(714,'ZfTZNlMkWbx4JpMn4311wevcx/s='),(1215,'Zh4wPvW/W6qIcIwDL1HC/xw5n5c='),(1201,'zj9rq4vZq2LVZeSzxFwtjZ3fvzo='),(490,'zjr0F4X4dXLjNc/GD/nfrlSznhY='),(932,'ZKevwyrHh3uDA3vzPz107m7VAtY='),(1087,'ZkNkud4g2dpQg2MLO38+iGcbSrY='),(1132,'zLaXRByd0Qr6542VcR4dCmg/FGo='),(94,'zLrLq3qBNF54VCmoFWGxNJQnz5s='),(643,'Zo+a2lu0AyK4AusE81n+GCTscMA='),(59,'zoem6nUhntWc+uSL6YMX04oOMj8='),(564,'zoxD0hEjtDUtl1J6ldrRNFecEl0='),(755,'zQZ7aAuxkpi5YQY/cGNMthO/YcQ='),(48,'ZqzgXThsVaJ+a0D/DzAh7od5lww='),(595,'zSAfALarT3WjOSEg/51GDcpWn6c='),(752,'ZsFXg9t2bzU/ilXlxL3XfgFozFg='),(532,'zsp8abs1gQu7IdXy9ecQIZ9/xaY='),(574,'ZUoeRQL5a4Wpv1PEb2CpHVSeHa4='),(534,'zvpUI4JUv1cuyXQY5bwphQw0WO8='),(1214,'ZZJ2S3j76BX1PYHForshPAnCv7A='),(832,'zZllvne2bdBJh0Z2OkJJzNyS41k='),(558,'ZzpruECE+By5ytLrTrledtvEsXA=');
/*!40000 ALTER TABLE `Images` ENABLE KEYS */;
UNLOCK TABLES;

--
-- Table structure for table `Images_has_Tags`
--

DROP TABLE IF EXISTS `Images_has_Tags`;
/*!40101 SET @saved_cs_client     = @@character_set_client */;
/*!40101 SET character_set_client = utf8 */;
CREATE TABLE `Images_has_Tags` (
  `Image_id` int(11) NOT NULL,
  `Tag_id` int(11) NOT NULL,
  PRIMARY KEY (`Image_id`,`Tag_id`),
  KEY `fk_Images_has_Tags_Tags1_idx` (`Tag_id`),
  KEY `fk_Images_has_Tags_Images_idx` (`Image_id`),
  CONSTRAINT `fk_Images_has_Tags_Images` FOREIGN KEY (`Image_id`) REFERENCES `Images` (`id`) ON DELETE NO ACTION ON UPDATE NO ACTION,
  CONSTRAINT `fk_Images_has_Tags_Tags1` FOREIGN KEY (`Tag_id`) REFERENCES `Tags` (`id`) ON DELETE NO ACTION ON UPDATE NO ACTION
) ENGINE=InnoDB DEFAULT CHARSET=utf8;
/*!40101 SET character_set_client = @saved_cs_client */;

--
-- Dumping data for table `Images_has_Tags`
--

LOCK TABLES `Images_has_Tags` WRITE;
/*!40000 ALTER TABLE `Images_has_Tags` DISABLE KEYS */;
INSERT INTO `Images_has_Tags` VALUES (711,1),(714,1),(718,1),(719,1),(721,1),(722,1),(724,1),(729,1),(720,7),(723,7),(724,7),(726,7),(727,7),(728,7),(729,7);
/*!40000 ALTER TABLE `Images_has_Tags` ENABLE KEYS */;
UNLOCK TABLES;

--
-- Table structure for table `Tags`
--

DROP TABLE IF EXISTS `Tags`;
/*!40101 SET @saved_cs_client     = @@character_set_client */;
/*!40101 SET character_set_client = utf8 */;
CREATE TABLE `Tags` (
  `id` int(11) NOT NULL AUTO_INCREMENT,
  `name` varchar(45) NOT NULL,
  PRIMARY KEY (`id`),
  UNIQUE KEY `name_UNIQUE` (`name`)
) ENGINE=InnoDB AUTO_INCREMENT=26 DEFAULT CHARSET=utf8;
/*!40101 SET character_set_client = @saved_cs_client */;

--
-- Dumping data for table `Tags`
--

LOCK TABLES `Tags` WRITE;
/*!40000 ALTER TABLE `Tags` DISABLE KEYS */;
INSERT INTO `Tags` VALUES (1,'China'),(7,'Nature');
/*!40000 ALTER TABLE `Tags` ENABLE KEYS */;
UNLOCK TABLES;

--
-- Table structure for table `Users`
--

DROP TABLE IF EXISTS `Users`;
/*!40101 SET @saved_cs_client     = @@character_set_client */;
/*!40101 SET character_set_client = utf8 */;
CREATE TABLE `Users` (
  `id` int(11) NOT NULL AUTO_INCREMENT,
  `username` varchar(45) NOT NULL,
  `password` varchar(45) NOT NULL,
  `token` varchar(45) DEFAULT NULL,
  PRIMARY KEY (`id`),
  UNIQUE KEY `username_UNIQUE` (`username`)
) ENGINE=InnoDB AUTO_INCREMENT=2 DEFAULT CHARSET=utf8;
/*!40101 SET character_set_client = @saved_cs_client */;

--
-- Dumping data for table `Users`
--

LOCK TABLES `Users` WRITE;
/*!40000 ALTER TABLE `Users` DISABLE KEYS */;
INSERT INTO `Users` VALUES (1,'user','1a1dc91c907325c69271ddf0c944bc72','2fe3b769ab413251de25ee6f5d386e8f');
/*!40000 ALTER TABLE `Users` ENABLE KEYS */;
UNLOCK TABLES;
/*!40103 SET TIME_ZONE=@OLD_TIME_ZONE */;

/*!40101 SET SQL_MODE=@OLD_SQL_MODE */;
/*!40014 SET FOREIGN_KEY_CHECKS=@OLD_FOREIGN_KEY_CHECKS */;
/*!40014 SET UNIQUE_CHECKS=@OLD_UNIQUE_CHECKS */;
/*!40101 SET CHARACTER_SET_CLIENT=@OLD_CHARACTER_SET_CLIENT */;
/*!40101 SET CHARACTER_SET_RESULTS=@OLD_CHARACTER_SET_RESULTS */;
/*!40101 SET COLLATION_CONNECTION=@OLD_COLLATION_CONNECTION */;
/*!40111 SET SQL_NOTES=@OLD_SQL_NOTES */;

-- Dump completed on 2016-05-03  0:51:51
